Last login: Sun Jul 12 11:36:52 on ttys011
horikei@horikeinoMacBook-Air ~ % /Users/horikei/Library/Developer/Xcode/DerivedData/Quality-axygrorhxpwskobxvilphfmodqpj/Build/Products/Debug/LosslessSwitcher.app/Contents/MacOS/LosslessSwitcher
[LogStreamListener] Background log stream started successfully.
[LogStreamListener] Background log stream started successfully.
track flower rhapsody-さくらみこ-flower rhapsody flower rhapsody
track flower rhapsody-さくらみこ-flower rhapsody flower rhapsody
NEAREST FORMAT [__C.AudioStreamBasicDescription(mSampleRate: 96000.0, mFormatID: 1819304813, mFormatFlags: 12, mBytesPerPacket: 6, mFramesPerPacket: 1, mBytesPerFrame: 6, mChannelsPerFrame: 2, mBitsPerChannel: 24, mReserved: 0), __C.AudioStreamBasicDescription(mSampleRate: 96000.0, mFormatID: 1819304813, mFormatFlags: 76, mBytesPerPacket: 6, mFramesPerPacket: 1, mBytesPerFrame: 6, mChannelsPerFrame: 2, mBitsPerChannel: 24, mReserved: 0)]
NEAREST FORMAT [__C.AudioStreamBasicDescription(mSampleRate: 96000.0, mFormatID: 1819304813, mFormatFlags: 12, mBytesPerPacket: 6, mFramesPerPacket: 1, mBytesPerFrame: 6, mChannelsPerFrame: 2, mBitsPerChannel: 24, mReserved: 0), __C.AudioStreamBasicDescription(mSampleRate: 96000.0, mFormatID: 1819304813, mFormatFlags: 76, mBytesPerPacket: 6, mFramesPerPacket: 1, mBytesPerFrame: 6, mChannelsPerFrame: 2, mBitsPerChannel: 24, mReserved: 0)]
[LosslessSwitcher] Changing DAC format to 96000.0 Hz / 24 bit
[LosslessSwitcher] Changing DAC format to 96000.0 Hz / 24 bit
NEAREST FORMAT [__C.AudioStreamBasicDescription(mSampleRate: 96000.0, mFormatID: 1819304813, mFormatFlags: 12, mBytesPerPacket: 6, mFramesPerPacket: 1, mBytesPerFrame: 6, mChannelsPerFrame: 2, mBitsPerChannel: 24, mReserved: 0), __C.AudioStreamBasicDescription(mSampleRate: 96000.0, mFormatID: 1819304813, mFormatFlags: 76, mBytesPerPacket: 6, mFramesPerPacket: 1, mBytesPerFrame: 6, mChannelsPerFrame: 2, mBitsPerChannel: 24, mReserved: 0)]
NEAREST FORMAT [__C.AudioStreamBasicDescription(mSampleRate: 96000.0, mFormatID: 1819304813, mFormatFlags: 12, mBytesPerPacket: 6, mFramesPerPacket: 1, mBytesPerFrame: 6, mChannelsPerFrame: 2, mBitsPerChannel: 24, mReserved: 0), __C.AudioStreamBasicDescription(mSampleRate: 96000.0, mFormatID: 1819304813, mFormatFlags: 76, mBytesPerPacket: 6, mFramesPerPacket: 1, mBytesPerFrame: 6, mChannelsPerFrame: 2, mBitsPerChannel: 24, mReserved: 0)]
[LosslessSwitcher] DAC change completed: true
[LosslessSwitcher] DAC change completed: true
track あすいろClearSky-hololive IDOL PROJECT-あすいろClearSky - Single あすいろClearSky
track あすいろClearSky-hololive IDOL PROJECT-あすいろClearSky - Single あすいろClearSky

[LosslessSwitcher Timing Diagnostics]
--------------------------------------------------
1. Track Change Fired:           11:38:11.501 (Base)
2. Music Log Written:            11:38:16.263 (Diff: 4761ms from Track Change)
3. Log Detected by App:          11:38:16.271 (Diff: 8ms log scan delay)
4. DAC Change Sent:              11:38:16.271
5. DAC Change Confirmed:         11:38:16.309 (Diff: 37ms DAC transition time)
--------------------------------------------------
Total Sync Latency: 4808ms
--------------------------------------------------


[LosslessSwitcher Timing Diagnostics]
--------------------------------------------------
1. Track Change Fired:           11:38:11.549 (Base)
2. Music Log Written:            11:38:16.263 (Diff: 4714ms from Track Change)
3. Log Detected by App:          11:38:16.271 (Diff: 8ms log scan delay)
4. DAC Change Sent:              11:38:16.271
5. DAC Change Confirmed:         11:38:16.309 (Diff: 37ms DAC transition time)
--------------------------------------------------
Total Sync Latency: 4760ms
--------------------------------------------------

track あすいろClearSky-hololive IDOL PROJECT-あすいろClearSky - Single あすいろClearSky
track あすいろClearSky-hololive IDOL PROJECT-あすいろClearSky - Single あすいろClearSky
NEAREST FORMAT [__C.AudioStreamBasicDescription(mSampleRate: 96000.0, mFormatID: 1819304813, mFormatFlags: 12, mBytesPerPacket: 6, mFramesPerPacket: 1, mBytesPerFrame: 6, mChannelsPerFrame: 2, mBitsPerChannel: 24, mReserved: 0), __C.AudioStreamBasicDescription(mSampleRate: 96000.0, mFormatID: 1819304813, mFormatFlags: 76, mBytesPerPacket: 6, mFramesPerPacket: 1, mBytesPerFrame: 6, mChannelsPerFrame: 2, mBitsPerChannel: 24, mReserved: 0)]
NEAREST FORMAT [__C.AudioStreamBasicDescription(mSampleRate: 96000.0, mFormatID: 1819304813, mFormatFlags: 12, mBytesPerPacket: 6, mFramesPerPacket: 1, mBytesPerFrame: 6, mChannelsPerFrame: 2, mBitsPerChannel: 24, mReserved: 0), __C.AudioStreamBasicDescription(mSampleRate: 96000.0, mFormatID: 1819304813, mFormatFlags: 76, mBytesPerPacket: 6, mFramesPerPacket: 1, mBytesPerFrame: 6, mChannelsPerFrame: 2, mBitsPerChannel: 24, mReserved: 0)]
NEAREST FORMAT [__C.AudioStreamBasicDescription(mSampleRate: 96000.0, mFormatID: 1819304813, mFormatFlags: 12, mBytesPerPacket: 6, mFramesPerPacket: 1, mBytesPerFrame: 6, mChannelsPerFrame: 2, mBitsPerChannel: 24, mReserved: 0), __C.AudioStreamBasicDescription(mSampleRate: 96000.0, mFormatID: 1819304813, mFormatFlags: 76, mBytesPerPacket: 6, mFramesPerPacket: 1, mBytesPerFrame: 6, mChannelsPerFrame: 2, mBitsPerChannel: 24, mReserved: 0)]
NEAREST FORMAT [__C.AudioStreamBasicDescription(mSampleRate: 96000.0, mFormatID: 1819304813, mFormatFlags: 12, mBytesPerPacket: 6, mFramesPerPacket: 1, mBytesPerFrame: 6, mChannelsPerFrame: 2, mBitsPerChannel: 24, mReserved: 0), __C.AudioStreamBasicDescription(mSampleRate: 96000.0, mFormatID: 1819304813, mFormatFlags: 76, mBytesPerPacket: 6, mFramesPerPacket: 1, mBytesPerFrame: 6, mChannelsPerFrame: 2, mBitsPerChannel: 24, mReserved: 0)]
track あすいろClearSky-hololive IDOL PROJECT-あすいろClearSky - Single あすいろClearSky
track あすいろClearSky-hololive IDOL PROJECT-あすいろClearSky - Single あすいろClearSky
track あすいろClearSky-hololive IDOL PROJECT-あすいろClearSky - Single あすいろClearSky
track あすいろClearSky-hololive IDOL PROJECT-あすいろClearSky - Single あすいろClearSky
track ぷ・れ・あ・で・す!-大空スバル-ぷ・れ・あ・で・す! - Single ぷ・れ・あ・で・す!
track ぷ・れ・あ・で・す!-大空スバル-ぷ・れ・あ・で・す! - Single ぷ・れ・あ・で・す!
NEAREST FORMAT [__C.AudioStreamBasicDescription(mSampleRate: 48000.0, mFormatID: 1819304813, mFormatFlags: 12, mBytesPerPacket: 6, mFramesPerPacket: 1, mBytesPerFrame: 6, mChannelsPerFrame: 2, mBitsPerChannel: 24, mReserved: 0), __C.AudioStreamBasicDescription(mSampleRate: 48000.0, mFormatID: 1819304813, mFormatFlags: 76, mBytesPerPacket: 6, mFramesPerPacket: 1, mBytesPerFrame: 6, mChannelsPerFrame: 2, mBitsPerChannel: 24, mReserved: 0)]
NEAREST FORMAT [__C.AudioStreamBasicDescription(mSampleRate: 48000.0, mFormatID: 1819304813, mFormatFlags: 12, mBytesPerPacket: 6, mFramesPerPacket: 1, mBytesPerFrame: 6, mChannelsPerFrame: 2, mBitsPerChannel: 24, mReserved: 0), __C.AudioStreamBasicDescription(mSampleRate: 48000.0, mFormatID: 1819304813, mFormatFlags: 76, mBytesPerPacket: 6, mFramesPerPacket: 1, mBytesPerFrame: 6, mChannelsPerFrame: 2, mBitsPerChannel: 24, mReserved: 0)]
[LosslessSwitcher] Muting and Pausing Apple Music
[LosslessSwitcher] Muting and Pausing Apple Music
NEAREST FORMAT [__C.AudioStreamBasicDescription(mSampleRate: 48000.0, mFormatID: 1819304813, mFormatFlags: 12, mBytesPerPacket: 6, mFramesPerPacket: 1, mBytesPerFrame: 6, mChannelsPerFrame: 2, mBitsPerChannel: 24, mReserved: 0), __C.AudioStreamBasicDescription(mSampleRate: 48000.0, mFormatID: 1819304813, mFormatFlags: 76, mBytesPerPacket: 6, mFramesPerPacket: 1, mBytesPerFrame: 6, mChannelsPerFrame: 2, mBitsPerChannel: 24, mReserved: 0)]
NEAREST FORMAT [__C.AudioStreamBasicDescription(mSampleRate: 48000.0, mFormatID: 1819304813, mFormatFlags: 12, mBytesPerPacket: 6, mFramesPerPacket: 1, mBytesPerFrame: 6, mChannelsPerFrame: 2, mBitsPerChannel: 24, mReserved: 0), __C.AudioStreamBasicDescription(mSampleRate: 48000.0, mFormatID: 1819304813, mFormatFlags: 76, mBytesPerPacket: 6, mFramesPerPacket: 1, mBytesPerFrame: 6, mChannelsPerFrame: 2, mBitsPerChannel: 24, mReserved: 0)]
[LosslessSwitcher] Rewinding to 00:00
[LosslessSwitcher] Rewinding to 00:00
[LosslessSwitcher] Changing DAC format to 48000.0 Hz / 24 bit
[LosslessSwitcher] Changing DAC format to 48000.0 Hz / 24 bit
[LosslessSwitcher] DAC change completed: true
[LosslessSwitcher] DAC change completed: true
[LosslessSwitcher] Unmuting and Resuming Apple Music
[LosslessSwitcher] Unmuting and Resuming Apple Music

[LosslessSwitcher Timing Diagnostics]
--------------------------------------------------
1. Track Change Fired:           11:38:22.379 (Base)
2. Music Log Written:            11:38:22.480 (Diff: 101ms from Track Change)
3. Log Detected by App:          11:38:22.482 (Diff: 1ms log scan delay)

[LosslessSwitcher Timing Diagnostics]
--------------------------------------------------
1. Track Change Fired:           11:38:22.379 (Base)
2. Music Log Written:            11:38:22.480 (Diff: 100ms from Track Change)
3. Log Detected by App:          11:38:22.482 (Diff: 1ms log scan delay)
4. Mute & Pause Sent:            11:38:22.482 (Diff: 0ms from detect)
5. Rewind (00:00) Sent:          11:38:22.493 (Diff: 10ms from pause)
6. DAC Change Sent:              11:38:22.493 (Diff: 0ms from rewind)
7. DAC Change Confirmed:         11:38:22.520 (Diff: 27ms DAC transition time)
8. Unmute & Play Sent:           11:38:22.542 (Diff: 21ms from DAC complete)
--------------------------------------------------
Total Sync Latency: 162ms
--------------------------------------------------

4. Mute & Pause Sent:            11:38:22.482 (Diff: 0ms from detect)
5. Rewind (00:00) Sent:          11:38:22.493 (Diff: 11ms from pause)
6. DAC Change Sent:              11:38:22.493 (Diff: 0ms from rewind)
7. DAC Change Confirmed:         11:38:22.520 (Diff: 27ms DAC transition time)
8. Unmute & Play Sent:           11:38:22.542 (Diff: 21ms from DAC complete)
--------------------------------------------------
Total Sync Latency: 162ms
--------------------------------------------------

[AppleScript Error] {
    NSAppleScriptErrorAppName = Music;
    NSAppleScriptErrorBriefMessage = "Can\U2019t set player position to 0.";
    NSAppleScriptErrorMessage = "Music got an error: Can\U2019t set player position to 0.";
    NSAppleScriptErrorNumber = "-10006";
    NSAppleScriptErrorRange = "NSRange: {32, 15}";
}
[AppleScript Error] {
    NSAppleScriptErrorAppName = Music;
    NSAppleScriptErrorBriefMessage = "Can\U2019t set player position to 0.";
    NSAppleScriptErrorMessage = "Music got an error: Can\U2019t set player position to 0.";
    NSAppleScriptErrorNumber = "-10006";
    NSAppleScriptErrorRange = "NSRange: {32, 15}";
}
track ぷ・れ・あ・で・す!-大空スバル-ぷ・れ・あ・で・す! - Single ぷ・れ・あ・で・す!
track ぷ・れ・あ・で・す!-大空スバル-ぷ・れ・あ・で・す! - Single ぷ・れ・あ・で・す!
track ぷ・れ・あ・で・す!-大空スバル-ぷ・れ・あ・で・す! - Single ぷ・れ・あ・で・す!
track ぷ・れ・あ・で・す!-大空スバル-ぷ・れ・あ・で・す! - Single ぷ・れ・あ・で・す!
track My song-角巻わため-わためのうた vol.2 My song
track My song-角巻わため-わためのうた vol.2 My song
track My song-角巻わため-わためのうた vol.2 My song
track My song-角巻わため-わためのうた vol.2 My song
track My song-角巻わため-わためのうた vol.2 My song
track My song-角巻わため-わためのうた vol.2 My song
track My song-角巻わため-わためのうた vol.2 My song
track My song-角巻わため-わためのうた vol.2 My song
detected stat CMPlayerStats(sampleRate: 48000.0, bitDepth: 24, date: 2026-07-12 02:38:23 +0000, priority: 5)
[getAllStats] [LosslessSwitcher.CMPlayerStats(sampleRate: 48000.0, bitDepth: 24, date: 2026-07-12 02:38:23 +0000, priority: 5)]
NEAREST FORMAT [__C.AudioStreamBasicDescription(mSampleRate: 48000.0, mFormatID: 1819304813, mFormatFlags: 12, mBytesPerPacket: 6, mFramesPerPacket: 1, mBytesPerFrame: 6, mChannelsPerFrame: 2, mBitsPerChannel: 24, mReserved: 0), __C.AudioStreamBasicDescription(mSampleRate: 48000.0, mFormatID: 1819304813, mFormatFlags: 76, mBytesPerPacket: 6, mFramesPerPacket: 1, mBytesPerFrame: 6, mChannelsPerFrame: 2, mBitsPerChannel: 24, mReserved: 0)]
detected stat CMPlayerStats(sampleRate: 48000.0, bitDepth: 24, date: 2026-07-12 02:38:23 +0000, priority: 5)
[getAllStats] [LosslessSwitcher.CMPlayerStats(sampleRate: 48000.0, bitDepth: 24, date: 2026-07-12 02:38:23 +0000, priority: 5)]
NEAREST FORMAT [__C.AudioStreamBasicDescription(mSampleRate: 48000.0, mFormatID: 1819304813, mFormatFlags: 12, mBytesPerPacket: 6, mFramesPerPacket: 1, mBytesPerFrame: 6, mChannelsPerFrame: 2, mBitsPerChannel: 24, mReserved: 0), __C.AudioStreamBasicDescription(mSampleRate: 48000.0, mFormatID: 1819304813, mFormatFlags: 76, mBytesPerPacket: 6, mFramesPerPacket: 1, mBytesPerFrame: 6, mChannelsPerFrame: 2, mBitsPerChannel: 24, mReserved: 0)]
detected stat CMPlayerStats(sampleRate: 48000.0, bitDepth: 24, date: 2026-07-12 02:38:24 +0000, priority: 5)
[getAllStats] [LosslessSwitcher.CMPlayerStats(sampleRate: 48000.0, bitDepth: 24, date: 2026-07-12 02:38:24 +0000, priority: 5)]
NEAREST FORMAT [__C.AudioStreamBasicDescription(mSampleRate: 48000.0, mFormatID: 1819304813, mFormatFlags: 12, mBytesPerPacket: 6, mFramesPerPacket: 1, mBytesPerFrame: 6, mChannelsPerFrame: 2, mBitsPerChannel: 24, mReserved: 0), __C.AudioStreamBasicDescription(mSampleRate: 48000.0, mFormatID: 1819304813, mFormatFlags: 76, mBytesPerPacket: 6, mFramesPerPacket: 1, mBytesPerFrame: 6, mChannelsPerFrame: 2, mBitsPerChannel: 24, mReserved: 0)]
NEAREST FORMAT [__C.AudioStreamBasicDescription(mSampleRate: 48000.0, mFormatID: 1819304813, mFormatFlags: 12, mBytesPerPacket: 6, mFramesPerPacket: 1, mBytesPerFrame: 6, mChannelsPerFrame: 2, mBitsPerChannel: 24, mReserved: 0), __C.AudioStreamBasicDescription(mSampleRate: 48000.0, mFormatID: 1819304813, mFormatFlags: 76, mBytesPerPacket: 6, mFramesPerPacket: 1, mBytesPerFrame: 6, mChannelsPerFrame: 2, mBitsPerChannel: 24, mReserved: 0)]
NEAREST FORMAT [__C.AudioStreamBasicDescription(mSampleRate: 48000.0, mFormatID: 1819304813, mFormatFlags: 12, mBytesPerPacket: 6, mFramesPerPacket: 1, mBytesPerFrame: 6, mChannelsPerFrame: 2, mBitsPerChannel: 24, mReserved: 0), __C.AudioStreamBasicDescription(mSampleRate: 48000.0, mFormatID: 1819304813, mFormatFlags: 76, mBytesPerPacket: 6, mFramesPerPacket: 1, mBytesPerFrame: 6, mChannelsPerFrame: 2, mBitsPerChannel: 24, mReserved: 0)]
NEAREST FORMAT [__C.AudioStreamBasicDescription(mSampleRate: 48000.0, mFormatID: 1819304813, mFormatFlags: 12, mBytesPerPacket: 6, mFramesPerPacket: 1, mBytesPerFrame: 6, mChannelsPerFrame: 2, mBitsPerChannel: 24, mReserved: 0), __C.AudioStreamBasicDescription(mSampleRate: 48000.0, mFormatID: 1819304813, mFormatFlags: 76, mBytesPerPacket: 6, mFramesPerPacket: 1, mBytesPerFrame: 6, mChannelsPerFrame: 2, mBitsPerChannel: 24, mReserved: 0)]
NEAREST FORMAT [__C.AudioStreamBasicDescription(mSampleRate: 48000.0, mFormatID: 1819304813, mFormatFlags: 12, mBytesPerPacket: 6, mFramesPerPacket: 1, mBytesPerFrame: 6, mChannelsPerFrame: 2, mBitsPerChannel: 24, mReserved: 0), __C.AudioStreamBasicDescription(mSampleRate: 48000.0, mFormatID: 1819304813, mFormatFlags: 76, mBytesPerPacket: 6, mFramesPerPacket: 1, mBytesPerFrame: 6, mChannelsPerFrame: 2, mBitsPerChannel: 24, mReserved: 0)]
detected stat CMPlayerStats(sampleRate: 48000.0, bitDepth: 24, date: 2026-07-12 02:38:24 +0000, priority: 5)
[getAllStats] [LosslessSwitcher.CMPlayerStats(sampleRate: 48000.0, bitDepth: 24, date: 2026-07-12 02:38:24 +0000, priority: 5)]
NEAREST FORMAT [__C.AudioStreamBasicDescription(mSampleRate: 48000.0, mFormatID: 1819304813, mFormatFlags: 12, mBytesPerPacket: 6, mFramesPerPacket: 1, mBytesPerFrame: 6, mChannelsPerFrame: 2, mBitsPerChannel: 24, mReserved: 0), __C.AudioStreamBasicDescription(mSampleRate: 48000.0, mFormatID: 1819304813, mFormatFlags: 76, mBytesPerPacket: 6, mFramesPerPacket: 1, mBytesPerFrame: 6, mChannelsPerFrame: 2, mBitsPerChannel: 24, mReserved: 0)]
NEAREST FORMAT [__C.AudioStreamBasicDescription(mSampleRate: 48000.0, mFormatID: 1819304813, mFormatFlags: 12, mBytesPerPacket: 6, mFramesPerPacket: 1, mBytesPerFrame: 6, mChannelsPerFrame: 2, mBitsPerChannel: 24, mReserved: 0), __C.AudioStreamBasicDescription(mSampleRate: 48000.0, mFormatID: 1819304813, mFormatFlags: 76, mBytesPerPacket: 6, mFramesPerPacket: 1, mBytesPerFrame: 6, mChannelsPerFrame: 2, mBitsPerChannel: 24, mReserved: 0)]
NEAREST FORMAT [__C.AudioStreamBasicDescription(mSampleRate: 48000.0, mFormatID: 1819304813, mFormatFlags: 12, mBytesPerPacket: 6, mFramesPerPacket: 1, mBytesPerFrame: 6, mChannelsPerFrame: 2, mBitsPerChannel: 24, mReserved: 0), __C.AudioStreamBasicDescription(mSampleRate: 48000.0, mFormatID: 1819304813, mFormatFlags: 76, mBytesPerPacket: 6, mFramesPerPacket: 1, mBytesPerFrame: 6, mChannelsPerFrame: 2, mBitsPerChannel: 24, mReserved: 0)]
NEAREST FORMAT [__C.AudioStreamBasicDescription(mSampleRate: 48000.0, mFormatID: 1819304813, mFormatFlags: 12, mBytesPerPacket: 6, mFramesPerPacket: 1, mBytesPerFrame: 6, mChannelsPerFrame: 2, mBitsPerChannel: 24, mReserved: 0), __C.AudioStreamBasicDescription(mSampleRate: 48000.0, mFormatID: 1819304813, mFormatFlags: 76, mBytesPerPacket: 6, mFramesPerPacket: 1, mBytesPerFrame: 6, mChannelsPerFrame: 2, mBitsPerChannel: 24, mReserved: 0)]
NEAREST FORMAT [__C.AudioStreamBasicDescription(mSampleRate: 48000.0, mFormatID: 1819304813, mFormatFlags: 12, mBytesPerPacket: 6, mFramesPerPacket: 1, mBytesPerFrame: 6, mChannelsPerFrame: 2, mBitsPerChannel: 24, mReserved: 0), __C.AudioStreamBasicDescription(mSampleRate: 48000.0, mFormatID: 1819304813, mFormatFlags: 76, mBytesPerPacket: 6, mFramesPerPacket: 1, mBytesPerFrame: 6, mChannelsPerFrame: 2, mBitsPerChannel: 24, mReserved: 0)]
detected stat CMPlayerStats(sampleRate: 48000.0, bitDepth: 24, date: 2026-07-12 02:38:24 +0000, priority: 5)
[getAllStats] [LosslessSwitcher.CMPlayerStats(sampleRate: 48000.0, bitDepth: 24, date: 2026-07-12 02:38:24 +0000, priority: 5)]
detected stat CMPlayerStats(sampleRate: 48000.0, bitDepth: 24, date: 2026-07-12 02:38:24 +0000, priority: 5)
[getAllStats] [LosslessSwitcher.CMPlayerStats(sampleRate: 48000.0, bitDepth: 24, date: 2026-07-12 02:38:24 +0000, priority: 5)]
NEAREST FORMAT [__C.AudioStreamBasicDescription(mSampleRate: 48000.0, mFormatID: 1819304813, mFormatFlags: 12, mBytesPerPacket: 6, mFramesPerPacket: 1, mBytesPerFrame: 6, mChannelsPerFrame: 2, mBitsPerChannel: 24, mReserved: 0), __C.AudioStreamBasicDescription(mSampleRate: 48000.0, mFormatID: 1819304813, mFormatFlags: 76, mBytesPerPacket: 6, mFramesPerPacket: 1, mBytesPerFrame: 6, mChannelsPerFrame: 2, mBitsPerChannel: 24, mReserved: 0)]
NEAREST FORMAT [__C.AudioStreamBasicDescription(mSampleRate: 48000.0, mFormatID: 1819304813, mFormatFlags: 12, mBytesPerPacket: 6, mFramesPerPacket: 1, mBytesPerFrame: 6, mChannelsPerFrame: 2, mBitsPerChannel: 24, mReserved: 0), __C.AudioStreamBasicDescription(mSampleRate: 48000.0, mFormatID: 1819304813, mFormatFlags: 76, mBytesPerPacket: 6, mFramesPerPacket: 1, mBytesPerFrame: 6, mChannelsPerFrame: 2, mBitsPerChannel: 24, mReserved: 0)]
track あすいろClearSky-hololive IDOL PROJECT-あすいろClearSky - Single あすいろClearSky
track あすいろClearSky-hololive IDOL PROJECT-あすいろClearSky - Single あすいろClearSky
track あすいろClearSky-hololive IDOL PROJECT-あすいろClearSky - Single あすいろClearSky
track あすいろClearSky-hololive IDOL PROJECT-あすいろClearSky - Single あすいろClearSky
detected stat CMPlayerStats(sampleRate: 96000.0, bitDepth: 24, date: 2026-07-12 02:38:27 +0000, priority: 5)
[getAllStats] [LosslessSwitcher.CMPlayerStats(sampleRate: 96000.0, bitDepth: 24, date: 2026-07-12 02:38:27 +0000, priority: 5)]
NEAREST FORMAT [__C.AudioStreamBasicDescription(mSampleRate: 96000.0, mFormatID: 1819304813, mFormatFlags: 12, mBytesPerPacket: 6, mFramesPerPacket: 1, mBytesPerFrame: 6, mChannelsPerFrame: 2, mBitsPerChannel: 24, mReserved: 0), __C.AudioStreamBasicDescription(mSampleRate: 96000.0, mFormatID: 1819304813, mFormatFlags: 76, mBytesPerPacket: 6, mFramesPerPacket: 1, mBytesPerFrame: 6, mChannelsPerFrame: 2, mBitsPerChannel: 24, mReserved: 0)]
[LosslessSwitcher] Muting and Pausing Apple Music
[LosslessSwitcher] Rewinding to 00:00
[LosslessSwitcher] Changing DAC format to 96000.0 Hz / 24 bit
detected stat CMPlayerStats(sampleRate: 96000.0, bitDepth: 24, date: 2026-07-12 02:38:27 +0000, priority: 5)
[getAllStats] [LosslessSwitcher.CMPlayerStats(sampleRate: 96000.0, bitDepth: 24, date: 2026-07-12 02:38:27 +0000, priority: 5)]
NEAREST FORMAT [__C.AudioStreamBasicDescription(mSampleRate: 96000.0, mFormatID: 1819304813, mFormatFlags: 12, mBytesPerPacket: 6, mFramesPerPacket: 1, mBytesPerFrame: 6, mChannelsPerFrame: 2, mBitsPerChannel: 24, mReserved: 0), __C.AudioStreamBasicDescription(mSampleRate: 96000.0, mFormatID: 1819304813, mFormatFlags: 76, mBytesPerPacket: 6, mFramesPerPacket: 1, mBytesPerFrame: 6, mChannelsPerFrame: 2, mBitsPerChannel: 24, mReserved: 0)]
[LosslessSwitcher] Muting and Pausing Apple Music
[LosslessSwitcher] Rewinding to 00:00
[LosslessSwitcher] Changing DAC format to 96000.0 Hz / 24 bit
[LosslessSwitcher] DAC change completed: true
[LosslessSwitcher] DAC change completed: true
[LosslessSwitcher] Unmuting and Resuming Apple Music

[LosslessSwitcher Timing Diagnostics]
--------------------------------------------------
1. Track Change Fired:           11:38:27.551 (Base)
2. Music Log Written:            11:38:27.459 (Diff: -92ms from Track Change)
3. Log Detected by App:          11:38:27.916 (Diff: 456ms log scan delay)
4. Mute & Pause Sent:            11:38:27.916 (Diff: 0ms from detect)
5. Rewind (00:00) Sent:          11:38:27.928 (Diff: 11ms from pause)
6. DAC Change Sent:              11:38:27.928 (Diff: 0ms from rewind)
7. DAC Change Confirmed:         11:38:27.929 (Diff: 1ms DAC transition time)
8. Unmute & Play Sent:           11:38:27.951 (Diff: 21ms from DAC complete)
--------------------------------------------------
Total Sync Latency: 399ms
--------------------------------------------------

[LosslessSwitcher] Unmuting and Resuming Apple Music

[LosslessSwitcher Timing Diagnostics]
--------------------------------------------------
1. Track Change Fired:           11:38:27.554 (Base)
2. Music Log Written:            11:38:27.459 (Diff: -95ms from Track Change)
3. Log Detected by App:          11:38:27.897 (Diff: 437ms log scan delay)
4. Mute & Pause Sent:            11:38:27.897 (Diff: 0ms from detect)
5. Rewind (00:00) Sent:          11:38:27.908 (Diff: 11ms from pause)
6. DAC Change Sent:              11:38:27.908 (Diff: 0ms from rewind)
7. DAC Change Confirmed:         11:38:27.933 (Diff: 25ms DAC transition time)
8. Unmute & Play Sent:           11:38:27.954 (Diff: 21ms from DAC complete)
--------------------------------------------------
Total Sync Latency: 399ms
--------------------------------------------------

detected stat CMPlayerStats(sampleRate: 96000.0, bitDepth: 24, date: 2026-07-12 02:38:27 +0000, priority: 5)
[getAllStats] [LosslessSwitcher.CMPlayerStats(sampleRate: 96000.0, bitDepth: 24, date: 2026-07-12 02:38:27 +0000, priority: 5)]
NEAREST FORMAT [__C.AudioStreamBasicDescription(mSampleRate: 96000.0, mFormatID: 1819304813, mFormatFlags: 12, mBytesPerPacket: 6, mFramesPerPacket: 1, mBytesPerFrame: 6, mChannelsPerFrame: 2, mBitsPerChannel: 24, mReserved: 0), __C.AudioStreamBasicDescription(mSampleRate: 96000.0, mFormatID: 1819304813, mFormatFlags: 76, mBytesPerPacket: 6, mFramesPerPacket: 1, mBytesPerFrame: 6, mChannelsPerFrame: 2, mBitsPerChannel: 24, mReserved: 0)]
detected stat CMPlayerStats(sampleRate: 96000.0, bitDepth: 24, date: 2026-07-12 02:38:27 +0000, priority: 5)
[getAllStats] [LosslessSwitcher.CMPlayerStats(sampleRate: 96000.0, bitDepth: 24, date: 2026-07-12 02:38:27 +0000, priority: 5)]
NEAREST FORMAT [__C.AudioStreamBasicDescription(mSampleRate: 96000.0, mFormatID: 1819304813, mFormatFlags: 12, mBytesPerPacket: 6, mFramesPerPacket: 1, mBytesPerFrame: 6, mChannelsPerFrame: 2, mBitsPerChannel: 24, mReserved: 0), __C.AudioStreamBasicDescription(mSampleRate: 96000.0, mFormatID: 1819304813, mFormatFlags: 76, mBytesPerPacket: 6, mFramesPerPacket: 1, mBytesPerFrame: 6, mChannelsPerFrame: 2, mBitsPerChannel: 24, mReserved: 0)]
track あすいろClearSky-hololive IDOL PROJECT-あすいろClearSky - Single あすいろClearSky
track あすいろClearSky-hololive IDOL PROJECT-あすいろClearSky - Single あすいろClearSky
track あすいろClearSky-hololive IDOL PROJECT-あすいろClearSky - Single あすいろClearSky
track あすいろClearSky-hololive IDOL PROJECT-あすいろClearSky - Single あすいろClearSky
detected stat CMPlayerStats(sampleRate: 96000.0, bitDepth: 24, date: 2026-07-12 02:38:28 +0000, priority: 5)
[getAllStats] [LosslessSwitcher.CMPlayerStats(sampleRate: 96000.0, bitDepth: 24, date: 2026-07-12 02:38:28 +0000, priority: 5)]
detected stat CMPlayerStats(sampleRate: 96000.0, bitDepth: 24, date: 2026-07-12 02:38:28 +0000, priority: 5)
[getAllStats] [LosslessSwitcher.CMPlayerStats(sampleRate: 96000.0, bitDepth: 24, date: 2026-07-12 02:38:28 +0000, priority: 5)]
NEAREST FORMAT [__C.AudioStreamBasicDescription(mSampleRate: 96000.0, mFormatID: 1819304813, mFormatFlags: 12, mBytesPerPacket: 6, mFramesPerPacket: 1, mBytesPerFrame: 6, mChannelsPerFrame: 2, mBitsPerChannel: 24, mReserved: 0), __C.AudioStreamBasicDescription(mSampleRate: 96000.0, mFormatID: 1819304813, mFormatFlags: 76, mBytesPerPacket: 6, mFramesPerPacket: 1, mBytesPerFrame: 6, mChannelsPerFrame: 2, mBitsPerChannel: 24, mReserved: 0)]
NEAREST FORMAT [__C.AudioStreamBasicDescription(mSampleRate: 96000.0, mFormatID: 1819304813, mFormatFlags: 12, mBytesPerPacket: 6, mFramesPerPacket: 1, mBytesPerFrame: 6, mChannelsPerFrame: 2, mBitsPerChannel: 24, mReserved: 0), __C.AudioStreamBasicDescription(mSampleRate: 96000.0, mFormatID: 1819304813, mFormatFlags: 76, mBytesPerPacket: 6, mFramesPerPacket: 1, mBytesPerFrame: 6, mChannelsPerFrame: 2, mBitsPerChannel: 24, mReserved: 0)]
NEAREST FORMAT [__C.AudioStreamBasicDescription(mSampleRate: 96000.0, mFormatID: 1819304813, mFormatFlags: 12, mBytesPerPacket: 6, mFramesPerPacket: 1, mBytesPerFrame: 6, mChannelsPerFrame: 2, mBitsPerChannel: 24, mReserved: 0), __C.AudioStreamBasicDescription(mSampleRate: 96000.0, mFormatID: 1819304813, mFormatFlags: 76, mBytesPerPacket: 6, mFramesPerPacket: 1, mBytesPerFrame: 6, mChannelsPerFrame: 2, mBitsPerChannel: 24, mReserved: 0)]
NEAREST FORMAT [__C.AudioStreamBasicDescription(mSampleRate: 96000.0, mFormatID: 1819304813, mFormatFlags: 12, mBytesPerPacket: 6, mFramesPerPacket: 1, mBytesPerFrame: 6, mChannelsPerFrame: 2, mBitsPerChannel: 24, mReserved: 0), __C.AudioStreamBasicDescription(mSampleRate: 96000.0, mFormatID: 1819304813, mFormatFlags: 76, mBytesPerPacket: 6, mFramesPerPacket: 1, mBytesPerFrame: 6, mChannelsPerFrame: 2, mBitsPerChannel: 24, mReserved: 0)]
NEAREST FORMAT [__C.AudioStreamBasicDescription(mSampleRate: 96000.0, mFormatID: 1819304813, mFormatFlags: 12, mBytesPerPacket: 6, mFramesPerPacket: 1, mBytesPerFrame: 6, mChannelsPerFrame: 2, mBitsPerChannel: 24, mReserved: 0), __C.AudioStreamBasicDescription(mSampleRate: 96000.0, mFormatID: 1819304813, mFormatFlags: 76, mBytesPerPacket: 6, mFramesPerPacket: 1, mBytesPerFrame: 6, mChannelsPerFrame: 2, mBitsPerChannel: 24, mReserved: 0)]
NEAREST FORMAT [__C.AudioStreamBasicDescription(mSampleRate: 96000.0, mFormatID: 1819304813, mFormatFlags: 12, mBytesPerPacket: 6, mFramesPerPacket: 1, mBytesPerFrame: 6, mChannelsPerFrame: 2, mBitsPerChannel: 24, mReserved: 0), __C.AudioStreamBasicDescription(mSampleRate: 96000.0, mFormatID: 1819304813, mFormatFlags: 76, mBytesPerPacket: 6, mFramesPerPacket: 1, mBytesPerFrame: 6, mChannelsPerFrame: 2, mBitsPerChannel: 24, mReserved: 0)]
NEAREST FORMAT [__C.AudioStreamBasicDescription(mSampleRate: 96000.0, mFormatID: 1819304813, mFormatFlags: 12, mBytesPerPacket: 6, mFramesPerPacket: 1, mBytesPerFrame: 6, mChannelsPerFrame: 2, mBitsPerChannel: 24, mReserved: 0), __C.AudioStreamBasicDescription(mSampleRate: 96000.0, mFormatID: 1819304813, mFormatFlags: 76, mBytesPerPacket: 6, mFramesPerPacket: 1, mBytesPerFrame: 6, mChannelsPerFrame: 2, mBitsPerChannel: 24, mReserved: 0)]
NEAREST FORMAT [__C.AudioStreamBasicDescription(mSampleRate: 96000.0, mFormatID: 1819304813, mFormatFlags: 12, mBytesPerPacket: 6, mFramesPerPacket: 1, mBytesPerFrame: 6, mChannelsPerFrame: 2, mBitsPerChannel: 24, mReserved: 0), __C.AudioStreamBasicDescription(mSampleRate: 96000.0, mFormatID: 1819304813, mFormatFlags: 76, mBytesPerPacket: 6, mFramesPerPacket: 1, mBytesPerFrame: 6, mChannelsPerFrame: 2, mBitsPerChannel: 24, mReserved: 0)]
NEAREST FORMAT [__C.AudioStreamBasicDescription(mSampleRate: 96000.0, mFormatID: 1819304813, mFormatFlags: 12, mBytesPerPacket: 6, mFramesPerPacket: 1, mBytesPerFrame: 6, mChannelsPerFrame: 2, mBitsPerChannel: 24, mReserved: 0), __C.AudioStreamBasicDescription(mSampleRate: 96000.0, mFormatID: 1819304813, mFormatFlags: 76, mBytesPerPacket: 6, mFramesPerPacket: 1, mBytesPerFrame: 6, mChannelsPerFrame: 2, mBitsPerChannel: 24, mReserved: 0)]
NEAREST FORMAT [__C.AudioStreamBasicDescription(mSampleRate: 96000.0, mFormatID: 1819304813, mFormatFlags: 12, mBytesPerPacket: 6, mFramesPerPacket: 1, mBytesPerFrame: 6, mChannelsPerFrame: 2, mBitsPerChannel: 24, mReserved: 0), __C.AudioStreamBasicDescription(mSampleRate: 96000.0, mFormatID: 1819304813, mFormatFlags: 76, mBytesPerPacket: 6, mFramesPerPacket: 1, mBytesPerFrame: 6, mChannelsPerFrame: 2, mBitsPerChannel: 24, mReserved: 0)]
NEAREST FORMAT [__C.AudioStreamBasicDescription(mSampleRate: 96000.0, mFormatID: 1819304813, mFormatFlags: 12, mBytesPerPacket: 6, mFramesPerPacket: 1, mBytesPerFrame: 6, mChannelsPerFrame: 2, mBitsPerChannel: 24, mReserved: 0), __C.AudioStreamBasicDescription(mSampleRate: 96000.0, mFormatID: 1819304813, mFormatFlags: 76, mBytesPerPacket: 6, mFramesPerPacket: 1, mBytesPerFrame: 6, mChannelsPerFrame: 2, mBitsPerChannel: 24, mReserved: 0)]
NEAREST FORMAT [__C.AudioStreamBasicDescription(mSampleRate: 96000.0, mFormatID: 1819304813, mFormatFlags: 12, mBytesPerPacket: 6, mFramesPerPacket: 1, mBytesPerFrame: 6, mChannelsPerFrame: 2, mBitsPerChannel: 24, mReserved: 0), __C.AudioStreamBasicDescription(mSampleRate: 96000.0, mFormatID: 1819304813, mFormatFlags: 76, mBytesPerPacket: 6, mFramesPerPacket: 1, mBytesPerFrame: 6, mChannelsPerFrame: 2, mBitsPerChannel: 24, mReserved: 0)]
NEAREST FORMAT [__C.AudioStreamBasicDescription(mSampleRate: 96000.0, mFormatID: 1819304813, mFormatFlags: 12, mBytesPerPacket: 6, mFramesPerPacket: 1, mBytesPerFrame: 6, mChannelsPerFrame: 2, mBitsPerChannel: 24, mReserved: 0), __C.AudioStreamBasicDescription(mSampleRate: 96000.0, mFormatID: 1819304813, mFormatFlags: 76, mBytesPerPacket: 6, mFramesPerPacket: 1, mBytesPerFrame: 6, mChannelsPerFrame: 2, mBitsPerChannel: 24, mReserved: 0)]
NEAREST FORMAT [__C.AudioStreamBasicDescription(mSampleRate: 96000.0, mFormatID: 1819304813, mFormatFlags: 12, mBytesPerPacket: 6, mFramesPerPacket: 1, mBytesPerFrame: 6, mChannelsPerFrame: 2, mBitsPerChannel: 24, mReserved: 0), __C.AudioStreamBasicDescription(mSampleRate: 96000.0, mFormatID: 1819304813, mFormatFlags: 76, mBytesPerPacket: 6, mFramesPerPacket: 1, mBytesPerFrame: 6, mChannelsPerFrame: 2, mBitsPerChannel: 24, mReserved: 0)]
NEAREST FORMAT [__C.AudioStreamBasicDescription(mSampleRate: 96000.0, mFormatID: 1819304813, mFormatFlags: 12, mBytesPerPacket: 6, mFramesPerPacket: 1, mBytesPerFrame: 6, mChannelsPerFrame: 2, mBitsPerChannel: 24, mReserved: 0), __C.AudioStreamBasicDescription(mSampleRate: 96000.0, mFormatID: 1819304813, mFormatFlags: 76, mBytesPerPacket: 6, mFramesPerPacket: 1, mBytesPerFrame: 6, mChannelsPerFrame: 2, mBitsPerChannel: 24, mReserved: 0)]
NEAREST FORMAT [__C.AudioStreamBasicDescription(mSampleRate: 96000.0, mFormatID: 1819304813, mFormatFlags: 12, mBytesPerPacket: 6, mFramesPerPacket: 1, mBytesPerFrame: 6, mChannelsPerFrame: 2, mBitsPerChannel: 24, mReserved: 0), __C.AudioStreamBasicDescription(mSampleRate: 96000.0, mFormatID: 1819304813, mFormatFlags: 76, mBytesPerPacket: 6, mFramesPerPacket: 1, mBytesPerFrame: 6, mChannelsPerFrame: 2, mBitsPerChannel: 24, mReserved: 0)]
NEAREST FORMAT [__C.AudioStreamBasicDescription(mSampleRate: 96000.0, mFormatID: 1819304813, mFormatFlags: 12, mBytesPerPacket: 6, mFramesPerPacket: 1, mBytesPerFrame: 6, mChannelsPerFrame: 2, mBitsPerChannel: 24, mReserved: 0), __C.AudioStreamBasicDescription(mSampleRate: 96000.0, mFormatID: 1819304813, mFormatFlags: 76, mBytesPerPacket: 6, mFramesPerPacket: 1, mBytesPerFrame: 6, mChannelsPerFrame: 2, mBitsPerChannel: 24, mReserved: 0)]
NEAREST FORMAT [__C.AudioStreamBasicDescription(mSampleRate: 96000.0, mFormatID: 1819304813, mFormatFlags: 12, mBytesPerPacket: 6, mFramesPerPacket: 1, mBytesPerFrame: 6, mChannelsPerFrame: 2, mBitsPerChannel: 24, mReserved: 0), __C.AudioStreamBasicDescription(mSampleRate: 96000.0, mFormatID: 1819304813, mFormatFlags: 76, mBytesPerPacket: 6, mFramesPerPacket: 1, mBytesPerFrame: 6, mChannelsPerFrame: 2, mBitsPerChannel: 24, mReserved: 0)]
NEAREST FORMAT [__C.AudioStreamBasicDescription(mSampleRate: 96000.0, mFormatID: 1819304813, mFormatFlags: 12, mBytesPerPacket: 6, mFramesPerPacket: 1, mBytesPerFrame: 6, mChannelsPerFrame: 2, mBitsPerChannel: 24, mReserved: 0), __C.AudioStreamBasicDescription(mSampleRate: 96000.0, mFormatID: 1819304813, mFormatFlags: 76, mBytesPerPacket: 6, mFramesPerPacket: 1, mBytesPerFrame: 6, mChannelsPerFrame: 2, mBitsPerChannel: 24, mReserved: 0)]
NEAREST FORMAT [__C.AudioStreamBasicDescription(mSampleRate: 96000.0, mFormatID: 1819304813, mFormatFlags: 12, mBytesPerPacket: 6, mFramesPerPacket: 1, mBytesPerFrame: 6, mChannelsPerFrame: 2, mBitsPerChannel: 24, mReserved: 0), __C.AudioStreamBasicDescription(mSampleRate: 96000.0, mFormatID: 1819304813, mFormatFlags: 76, mBytesPerPacket: 6, mFramesPerPacket: 1, mBytesPerFrame: 6, mChannelsPerFrame: 2, mBitsPerChannel: 24, mReserved: 0)]
NEAREST FORMAT [__C.AudioStreamBasicDescription(mSampleRate: 96000.0, mFormatID: 1819304813, mFormatFlags: 12, mBytesPerPacket: 6, mFramesPerPacket: 1, mBytesPerFrame: 6, mChannelsPerFrame: 2, mBitsPerChannel: 24, mReserved: 0), __C.AudioStreamBasicDescription(mSampleRate: 96000.0, mFormatID: 1819304813, mFormatFlags: 76, mBytesPerPacket: 6, mFramesPerPacket: 1, mBytesPerFrame: 6, mChannelsPerFrame: 2, mBitsPerChannel: 24, mReserved: 0)]
NEAREST FORMAT [__C.AudioStreamBasicDescription(mSampleRate: 96000.0, mFormatID: 1819304813, mFormatFlags: 12, mBytesPerPacket: 6, mFramesPerPacket: 1, mBytesPerFrame: 6, mChannelsPerFrame: 2, mBitsPerChannel: 24, mReserved: 0), __C.AudioStreamBasicDescription(mSampleRate: 96000.0, mFormatID: 1819304813, mFormatFlags: 76, mBytesPerPacket: 6, mFramesPerPacket: 1, mBytesPerFrame: 6, mChannelsPerFrame: 2, mBitsPerChannel: 24, mReserved: 0)]
NEAREST FORMAT [__C.AudioStreamBasicDescription(mSampleRate: 96000.0, mFormatID: 1819304813, mFormatFlags: 12, mBytesPerPacket: 6, mFramesPerPacket: 1, mBytesPerFrame: 6, mChannelsPerFrame: 2, mBitsPerChannel: 24, mReserved: 0), __C.AudioStreamBasicDescription(mSampleRate: 96000.0, mFormatID: 1819304813, mFormatFlags: 76, mBytesPerPacket: 6, mFramesPerPacket: 1, mBytesPerFrame: 6, mChannelsPerFrame: 2, mBitsPerChannel: 24, mReserved: 0)]
NEAREST FORMAT [__C.AudioStreamBasicDescription(mSampleRate: 96000.0, mFormatID: 1819304813, mFormatFlags: 12, mBytesPerPacket: 6, mFramesPerPacket: 1, mBytesPerFrame: 6, mChannelsPerFrame: 2, mBitsPerChannel: 24, mReserved: 0), __C.AudioStreamBasicDescription(mSampleRate: 96000.0, mFormatID: 1819304813, mFormatFlags: 76, mBytesPerPacket: 6, mFramesPerPacket: 1, mBytesPerFrame: 6, mChannelsPerFrame: 2, mBitsPerChannel: 24, mReserved: 0)]
NEAREST FORMAT [__C.AudioStreamBasicDescription(mSampleRate: 96000.0, mFormatID: 1819304813, mFormatFlags: 12, mBytesPerPacket: 6, mFramesPerPacket: 1, mBytesPerFrame: 6, mChannelsPerFrame: 2, mBitsPerChannel: 24, mReserved: 0), __C.AudioStreamBasicDescription(mSampleRate: 96000.0, mFormatID: 1819304813, mFormatFlags: 76, mBytesPerPacket: 6, mFramesPerPacket: 1, mBytesPerFrame: 6, mChannelsPerFrame: 2, mBitsPerChannel: 24, mReserved: 0)]
NEAREST FORMAT [__C.AudioStreamBasicDescription(mSampleRate: 96000.0, mFormatID: 1819304813, mFormatFlags: 12, mBytesPerPacket: 6, mFramesPerPacket: 1, mBytesPerFrame: 6, mChannelsPerFrame: 2, mBitsPerChannel: 24, mReserved: 0), __C.AudioStreamBasicDescription(mSampleRate: 96000.0, mFormatID: 1819304813, mFormatFlags: 76, mBytesPerPacket: 6, mFramesPerPacket: 1, mBytesPerFrame: 6, mChannelsPerFrame: 2, mBitsPerChannel: 24, mReserved: 0)]
NEAREST FORMAT [__C.AudioStreamBasicDescription(mSampleRate: 96000.0, mFormatID: 1819304813, mFormatFlags: 12, mBytesPerPacket: 6, mFramesPerPacket: 1, mBytesPerFrame: 6, mChannelsPerFrame: 2, mBitsPerChannel: 24, mReserved: 0), __C.AudioStreamBasicDescription(mSampleRate: 96000.0, mFormatID: 1819304813, mFormatFlags: 76, mBytesPerPacket: 6, mFramesPerPacket: 1, mBytesPerFrame: 6, mChannelsPerFrame: 2, mBitsPerChannel: 24, mReserved: 0)]
NEAREST FORMAT [__C.AudioStreamBasicDescription(mSampleRate: 96000.0, mFormatID: 1819304813, mFormatFlags: 12, mBytesPerPacket: 6, mFramesPerPacket: 1, mBytesPerFrame: 6, mChannelsPerFrame: 2, mBitsPerChannel: 24, mReserved: 0), __C.AudioStreamBasicDescription(mSampleRate: 96000.0, mFormatID: 1819304813, mFormatFlags: 76, mBytesPerPacket: 6, mFramesPerPacket: 1, mBytesPerFrame: 6, mChannelsPerFrame: 2, mBitsPerChannel: 24, mReserved: 0)]
NEAREST FORMAT [__C.AudioStreamBasicDescription(mSampleRate: 96000.0, mFormatID: 1819304813, mFormatFlags: 12, mBytesPerPacket: 6, mFramesPerPacket: 1, mBytesPerFrame: 6, mChannelsPerFrame: 2, mBitsPerChannel: 24, mReserved: 0), __C.AudioStreamBasicDescription(mSampleRate: 96000.0, mFormatID: 1819304813, mFormatFlags: 76, mBytesPerPacket: 6, mFramesPerPacket: 1, mBytesPerFrame: 6, mChannelsPerFrame: 2, mBitsPerChannel: 24, mReserved: 0)]
NEAREST FORMAT [__C.AudioStreamBasicDescription(mSampleRate: 96000.0, mFormatID: 1819304813, mFormatFlags: 12, mBytesPerPacket: 6, mFramesPerPacket: 1, mBytesPerFrame: 6, mChannelsPerFrame: 2, mBitsPerChannel: 24, mReserved: 0), __C.AudioStreamBasicDescription(mSampleRate: 96000.0, mFormatID: 1819304813, mFormatFlags: 76, mBytesPerPacket: 6, mFramesPerPacket: 1, mBytesPerFrame: 6, mChannelsPerFrame: 2, mBitsPerChannel: 24, mReserved: 0)]
track あすいろClearSky-hololive IDOL PROJECT-あすいろClearSky - Single あすいろClearSky
track あすいろClearSky-hololive IDOL PROJECT-あすいろClearSky - Single あすいろClearSky
track あすいろClearSky-hololive IDOL PROJECT-あすいろClearSky - Single あすいろClearSky
track あすいろClearSky-hololive IDOL PROJECT-あすいろClearSky - Single あすいろClearSky
NEAREST FORMAT [__C.AudioStreamBasicDescription(mSampleRate: 96000.0, mFormatID: 1819304813, mFormatFlags: 12, mBytesPerPacket: 6, mFramesPerPacket: 1, mBytesPerFrame: 6, mChannelsPerFrame: 2, mBitsPerChannel: 24, mReserved: 0), __C.AudioStreamBasicDescription(mSampleRate: 96000.0, mFormatID: 1819304813, mFormatFlags: 76, mBytesPerPacket: 6, mFramesPerPacket: 1, mBytesPerFrame: 6, mChannelsPerFrame: 2, mBitsPerChannel: 24, mReserved: 0)]
NEAREST FORMAT [__C.AudioStreamBasicDescription(mSampleRate: 96000.0, mFormatID: 1819304813, mFormatFlags: 12, mBytesPerPacket: 6, mFramesPerPacket: 1, mBytesPerFrame: 6, mChannelsPerFrame: 2, mBitsPerChannel: 24, mReserved: 0), __C.AudioStreamBasicDescription(mSampleRate: 96000.0, mFormatID: 1819304813, mFormatFlags: 76, mBytesPerPacket: 6, mFramesPerPacket: 1, mBytesPerFrame: 6, mChannelsPerFrame: 2, mBitsPerChannel: 24, mReserved: 0)]
NEAREST FORMAT [__C.AudioStreamBasicDescription(mSampleRate: 96000.0, mFormatID: 1819304813, mFormatFlags: 12, mBytesPerPacket: 6, mFramesPerPacket: 1, mBytesPerFrame: 6, mChannelsPerFrame: 2, mBitsPerChannel: 24, mReserved: 0), __C.AudioStreamBasicDescription(mSampleRate: 96000.0, mFormatID: 1819304813, mFormatFlags: 76, mBytesPerPacket: 6, mFramesPerPacket: 1, mBytesPerFrame: 6, mChannelsPerFrame: 2, mBitsPerChannel: 24, mReserved: 0)]
NEAREST FORMAT [__C.AudioStreamBasicDescription(mSampleRate: 96000.0, mFormatID: 1819304813, mFormatFlags: 12, mBytesPerPacket: 6, mFramesPerPacket: 1, mBytesPerFrame: 6, mChannelsPerFrame: 2, mBitsPerChannel: 24, mReserved: 0), __C.AudioStreamBasicDescription(mSampleRate: 96000.0, mFormatID: 1819304813, mFormatFlags: 76, mBytesPerPacket: 6, mFramesPerPacket: 1, mBytesPerFrame: 6, mChannelsPerFrame: 2, mBitsPerChannel: 24, mReserved: 0)]
NEAREST FORMAT [__C.AudioStreamBasicDescription(mSampleRate: 48000.0, mFormatID: 1819304813, mFormatFlags: 12, mBytesPerPacket: 6, mFramesPerPacket: 1, mBytesPerFrame: 6, mChannelsPerFrame: 2, mBitsPerChannel: 24, mReserved: 0), __C.AudioStreamBasicDescription(mSampleRate: 48000.0, mFormatID: 1819304813, mFormatFlags: 76, mBytesPerPacket: 6, mFramesPerPacket: 1, mBytesPerFrame: 6, mChannelsPerFrame: 2, mBitsPerChannel: 24, mReserved: 0)]
NEAREST FORMAT [__C.AudioStreamBasicDescription(mSampleRate: 48000.0, mFormatID: 1819304813, mFormatFlags: 12, mBytesPerPacket: 6, mFramesPerPacket: 1, mBytesPerFrame: 6, mChannelsPerFrame: 2, mBitsPerChannel: 24, mReserved: 0), __C.AudioStreamBasicDescription(mSampleRate: 48000.0, mFormatID: 1819304813, mFormatFlags: 76, mBytesPerPacket: 6, mFramesPerPacket: 1, mBytesPerFrame: 6, mChannelsPerFrame: 2, mBitsPerChannel: 24, mReserved: 0)]
[LosslessSwitcher] Muting and Pausing Apple Music
[LosslessSwitcher] Muting and Pausing Apple Music
NEAREST FORMAT [__C.AudioStreamBasicDescription(mSampleRate: 48000.0, mFormatID: 1819304813, mFormatFlags: 12, mBytesPerPacket: 6, mFramesPerPacket: 1, mBytesPerFrame: 6, mChannelsPerFrame: 2, mBitsPerChannel: 24, mReserved: 0), __C.AudioStreamBasicDescription(mSampleRate: 48000.0, mFormatID: 1819304813, mFormatFlags: 76, mBytesPerPacket: 6, mFramesPerPacket: 1, mBytesPerFrame: 6, mChannelsPerFrame: 2, mBitsPerChannel: 24, mReserved: 0)]
NEAREST FORMAT [__C.AudioStreamBasicDescription(mSampleRate: 48000.0, mFormatID: 1819304813, mFormatFlags: 12, mBytesPerPacket: 6, mFramesPerPacket: 1, mBytesPerFrame: 6, mChannelsPerFrame: 2, mBitsPerChannel: 24, mReserved: 0), __C.AudioStreamBasicDescription(mSampleRate: 48000.0, mFormatID: 1819304813, mFormatFlags: 76, mBytesPerPacket: 6, mFramesPerPacket: 1, mBytesPerFrame: 6, mChannelsPerFrame: 2, mBitsPerChannel: 24, mReserved: 0)]
[LosslessSwitcher] Rewinding to 00:00
[LosslessSwitcher] Changing DAC format to 48000.0 Hz / 24 bit
[LosslessSwitcher] Rewinding to 00:00
[LosslessSwitcher] Changing DAC format to 48000.0 Hz / 24 bit
[LosslessSwitcher] DAC change completed: true
[LosslessSwitcher] DAC change completed: true
[LosslessSwitcher] Unmuting and Resuming Apple Music
[LosslessSwitcher] Unmuting and Resuming Apple Music

[LosslessSwitcher Timing Diagnostics]
--------------------------------------------------
1. Track Change Fired:           11:38:27.551 (Base)
2. Music Log Written:            11:38:31.073 (Diff: 3521ms from Track Change)
3. Log Detected by App:          11:38:31.078 (Diff: 4ms log scan delay)
4. Mute & Pause Sent:            11:38:31.078 (Diff: 0ms from detect)
5. Rewind (00:00) Sent:          11:38:31.088 (Diff: 10ms from pause)
6. DAC Change Sent:              11:38:31.088 (Diff: 0ms from rewind)
7. DAC Change Confirmed:         11:38:31.138 (Diff: 49ms DAC transition time)
8. Unmute & Play Sent:           11:38:31.159 (Diff: 21ms from DAC complete)
--------------------------------------------------
Total Sync Latency: 3607ms
--------------------------------------------------


[LosslessSwitcher Timing Diagnostics]
--------------------------------------------------
1. Track Change Fired:           11:38:27.554 (Base)
2. Music Log Written:            11:38:31.073 (Diff: 3518ms from Track Change)
3. Log Detected by App:          11:38:31.078 (Diff: 4ms log scan delay)
4. Mute & Pause Sent:            11:38:31.078 (Diff: 0ms from detect)
5. Rewind (00:00) Sent:          11:38:31.088 (Diff: 10ms from pause)
6. DAC Change Sent:              11:38:31.088 (Diff: 0ms from rewind)
7. DAC Change Confirmed:         11:38:31.138 (Diff: 49ms DAC transition time)
8. Unmute & Play Sent:           11:38:31.159 (Diff: 21ms from DAC complete)
--------------------------------------------------
Total Sync Latency: 3604ms
--------------------------------------------------

NEAREST FORMAT [__C.AudioStreamBasicDescription(mSampleRate: 96000.0, mFormatID: 1819304813, mFormatFlags: 12, mBytesPerPacket: 6, mFramesPerPacket: 1, mBytesPerFrame: 6, mChannelsPerFrame: 2, mBitsPerChannel: 24, mReserved: 0), __C.AudioStreamBasicDescription(mSampleRate: 96000.0, mFormatID: 1819304813, mFormatFlags: 76, mBytesPerPacket: 6, mFramesPerPacket: 1, mBytesPerFrame: 6, mChannelsPerFrame: 2, mBitsPerChannel: 24, mReserved: 0)]
NEAREST FORMAT [__C.AudioStreamBasicDescription(mSampleRate: 96000.0, mFormatID: 1819304813, mFormatFlags: 12, mBytesPerPacket: 6, mFramesPerPacket: 1, mBytesPerFrame: 6, mChannelsPerFrame: 2, mBitsPerChannel: 24, mReserved: 0), __C.AudioStreamBasicDescription(mSampleRate: 96000.0, mFormatID: 1819304813, mFormatFlags: 76, mBytesPerPacket: 6, mFramesPerPacket: 1, mBytesPerFrame: 6, mChannelsPerFrame: 2, mBitsPerChannel: 24, mReserved: 0)]
[LosslessSwitcher] Muting and Pausing Apple Music
[LosslessSwitcher] Muting and Pausing Apple Music
NEAREST FORMAT [__C.AudioStreamBasicDescription(mSampleRate: 96000.0, mFormatID: 1819304813, mFormatFlags: 12, mBytesPerPacket: 6, mFramesPerPacket: 1, mBytesPerFrame: 6, mChannelsPerFrame: 2, mBitsPerChannel: 24, mReserved: 0), __C.AudioStreamBasicDescription(mSampleRate: 96000.0, mFormatID: 1819304813, mFormatFlags: 76, mBytesPerPacket: 6, mFramesPerPacket: 1, mBytesPerFrame: 6, mChannelsPerFrame: 2, mBitsPerChannel: 24, mReserved: 0)]
NEAREST FORMAT [__C.AudioStreamBasicDescription(mSampleRate: 96000.0, mFormatID: 1819304813, mFormatFlags: 12, mBytesPerPacket: 6, mFramesPerPacket: 1, mBytesPerFrame: 6, mChannelsPerFrame: 2, mBitsPerChannel: 24, mReserved: 0), __C.AudioStreamBasicDescription(mSampleRate: 96000.0, mFormatID: 1819304813, mFormatFlags: 76, mBytesPerPacket: 6, mFramesPerPacket: 1, mBytesPerFrame: 6, mChannelsPerFrame: 2, mBitsPerChannel: 24, mReserved: 0)]
[LosslessSwitcher] Rewinding to 00:00
[LosslessSwitcher] Changing DAC format to 96000.0 Hz / 24 bit
[LosslessSwitcher] Rewinding to 00:00
[LosslessSwitcher] Changing DAC format to 96000.0 Hz / 24 bit
[LosslessSwitcher] DAC change completed: true
[LosslessSwitcher] DAC change completed: true
[LosslessSwitcher] Unmuting and Resuming Apple Music
[LosslessSwitcher] Unmuting and Resuming Apple Music

[LosslessSwitcher Timing Diagnostics]
--------------------------------------------------
1. Track Change Fired:           11:38:27.551 (Base)
2. Music Log Written:            11:38:31.868 (Diff: 4316ms from Track Change)
3. Log Detected by App:          11:38:31.875 (Diff: 7ms log scan delay)

[LosslessSwitcher Timing Diagnostics]
--------------------------------------------------
1. Track Change Fired:           11:38:27.554 (Base)
2. Music Log Written:            11:38:31.868 (Diff: 4313ms from Track Change)
3. Log Detected by App:          11:38:31.875 (Diff: 6ms log scan delay)
4. Mute & Pause Sent:            11:38:31.875 (Diff: 0ms from detect)
5. Rewind (00:00) Sent:          11:38:31.888 (Diff: 12ms from pause)
6. DAC Change Sent:              11:38:31.888 (Diff: 0ms from rewind)
7. DAC Change Confirmed:         11:38:31.934 (Diff: 46ms DAC transition time)
8. Unmute & Play Sent:           11:38:31.955 (Diff: 21ms from DAC complete)
--------------------------------------------------
Total Sync Latency: 4403ms
--------------------------------------------------

4. Mute & Pause Sent:            11:38:31.875 (Diff: 0ms from detect)
5. Rewind (00:00) Sent:          11:38:31.885 (Diff: 10ms from pause)
6. DAC Change Sent:              11:38:31.885 (Diff: 0ms from rewind)
7. DAC Change Confirmed:         11:38:31.934 (Diff: 48ms DAC transition time)
8. Unmute & Play Sent:           11:38:31.955 (Diff: 21ms from DAC complete)
--------------------------------------------------
Total Sync Latency: 4400ms
--------------------------------------------------

track あすいろClearSky-hololive IDOL PROJECT-あすいろClearSky - Single あすいろClearSky
track あすいろClearSky-hololive IDOL PROJECT-あすいろClearSky - Single あすいろClearSky
detected stat CMPlayerStats(sampleRate: 96000.0, bitDepth: 24, date: 2026-07-12 02:38:32 +0000, priority: 5)
[getAllStats] [LosslessSwitcher.CMPlayerStats(sampleRate: 96000.0, bitDepth: 24, date: 2026-07-12 02:38:32 +0000, priority: 5)]
NEAREST FORMAT [__C.AudioStreamBasicDescription(mSampleRate: 96000.0, mFormatID: 1819304813, mFormatFlags: 12, mBytesPerPacket: 6, mFramesPerPacket: 1, mBytesPerFrame: 6, mChannelsPerFrame: 2, mBitsPerChannel: 24, mReserved: 0), __C.AudioStreamBasicDescription(mSampleRate: 96000.0, mFormatID: 1819304813, mFormatFlags: 76, mBytesPerPacket: 6, mFramesPerPacket: 1, mBytesPerFrame: 6, mChannelsPerFrame: 2, mBitsPerChannel: 24, mReserved: 0)]
detected stat CMPlayerStats(sampleRate: 96000.0, bitDepth: 24, date: 2026-07-12 02:38:32 +0000, priority: 5)
[getAllStats] [LosslessSwitcher.CMPlayerStats(sampleRate: 96000.0, bitDepth: 24, date: 2026-07-12 02:38:32 +0000, priority: 5)]
NEAREST FORMAT [__C.AudioStreamBasicDescription(mSampleRate: 96000.0, mFormatID: 1819304813, mFormatFlags: 12, mBytesPerPacket: 6, mFramesPerPacket: 1, mBytesPerFrame: 6, mChannelsPerFrame: 2, mBitsPerChannel: 24, mReserved: 0), __C.AudioStreamBasicDescription(mSampleRate: 96000.0, mFormatID: 1819304813, mFormatFlags: 76, mBytesPerPacket: 6, mFramesPerPacket: 1, mBytesPerFrame: 6, mChannelsPerFrame: 2, mBitsPerChannel: 24, mReserved: 0)]
track あすいろClearSky-hololive IDOL PROJECT-あすいろClearSky - Single あすいろClearSky
track あすいろClearSky-hololive IDOL PROJECT-あすいろClearSky - Single あすいろClearSky
detected stat CMPlayerStats(sampleRate: 96000.0, bitDepth: 24, date: 2026-07-12 02:38:32 +0000, priority: 5)
[getAllStats] [LosslessSwitcher.CMPlayerStats(sampleRate: 96000.0, bitDepth: 24, date: 2026-07-12 02:38:32 +0000, priority: 5)]
NEAREST FORMAT [__C.AudioStreamBasicDescription(mSampleRate: 96000.0, mFormatID: 1819304813, mFormatFlags: 12, mBytesPerPacket: 6, mFramesPerPacket: 1, mBytesPerFrame: 6, mChannelsPerFrame: 2, mBitsPerChannel: 24, mReserved: 0), __C.AudioStreamBasicDescription(mSampleRate: 96000.0, mFormatID: 1819304813, mFormatFlags: 76, mBytesPerPacket: 6, mFramesPerPacket: 1, mBytesPerFrame: 6, mChannelsPerFrame: 2, mBitsPerChannel: 24, mReserved: 0)]
NEAREST FORMAT [__C.AudioStreamBasicDescription(mSampleRate: 96000.0, mFormatID: 1819304813, mFormatFlags: 12, mBytesPerPacket: 6, mFramesPerPacket: 1, mBytesPerFrame: 6, mChannelsPerFrame: 2, mBitsPerChannel: 24, mReserved: 0), __C.AudioStreamBasicDescription(mSampleRate: 96000.0, mFormatID: 1819304813, mFormatFlags: 76, mBytesPerPacket: 6, mFramesPerPacket: 1, mBytesPerFrame: 6, mChannelsPerFrame: 2, mBitsPerChannel: 24, mReserved: 0)]
NEAREST FORMAT [__C.AudioStreamBasicDescription(mSampleRate: 96000.0, mFormatID: 1819304813, mFormatFlags: 12, mBytesPerPacket: 6, mFramesPerPacket: 1, mBytesPerFrame: 6, mChannelsPerFrame: 2, mBitsPerChannel: 24, mReserved: 0), __C.AudioStreamBasicDescription(mSampleRate: 96000.0, mFormatID: 1819304813, mFormatFlags: 76, mBytesPerPacket: 6, mFramesPerPacket: 1, mBytesPerFrame: 6, mChannelsPerFrame: 2, mBitsPerChannel: 24, mReserved: 0)]
NEAREST FORMAT [__C.AudioStreamBasicDescription(mSampleRate: 96000.0, mFormatID: 1819304813, mFormatFlags: 12, mBytesPerPacket: 6, mFramesPerPacket: 1, mBytesPerFrame: 6, mChannelsPerFrame: 2, mBitsPerChannel: 24, mReserved: 0), __C.AudioStreamBasicDescription(mSampleRate: 96000.0, mFormatID: 1819304813, mFormatFlags: 76, mBytesPerPacket: 6, mFramesPerPacket: 1, mBytesPerFrame: 6, mChannelsPerFrame: 2, mBitsPerChannel: 24, mReserved: 0)]
NEAREST FORMAT [__C.AudioStreamBasicDescription(mSampleRate: 96000.0, mFormatID: 1819304813, mFormatFlags: 12, mBytesPerPacket: 6, mFramesPerPacket: 1, mBytesPerFrame: 6, mChannelsPerFrame: 2, mBitsPerChannel: 24, mReserved: 0), __C.AudioStreamBasicDescription(mSampleRate: 96000.0, mFormatID: 1819304813, mFormatFlags: 76, mBytesPerPacket: 6, mFramesPerPacket: 1, mBytesPerFrame: 6, mChannelsPerFrame: 2, mBitsPerChannel: 24, mReserved: 0)]
NEAREST FORMAT [__C.AudioStreamBasicDescription(mSampleRate: 96000.0, mFormatID: 1819304813, mFormatFlags: 12, mBytesPerPacket: 6, mFramesPerPacket: 1, mBytesPerFrame: 6, mChannelsPerFrame: 2, mBitsPerChannel: 24, mReserved: 0), __C.AudioStreamBasicDescription(mSampleRate: 96000.0, mFormatID: 1819304813, mFormatFlags: 76, mBytesPerPacket: 6, mFramesPerPacket: 1, mBytesPerFrame: 6, mChannelsPerFrame: 2, mBitsPerChannel: 24, mReserved: 0)]
NEAREST FORMAT [__C.AudioStreamBasicDescription(mSampleRate: 96000.0, mFormatID: 1819304813, mFormatFlags: 12, mBytesPerPacket: 6, mFramesPerPacket: 1, mBytesPerFrame: 6, mChannelsPerFrame: 2, mBitsPerChannel: 24, mReserved: 0), __C.AudioStreamBasicDescription(mSampleRate: 96000.0, mFormatID: 1819304813, mFormatFlags: 76, mBytesPerPacket: 6, mFramesPerPacket: 1, mBytesPerFrame: 6, mChannelsPerFrame: 2, mBitsPerChannel: 24, mReserved: 0)]
NEAREST FORMAT [__C.AudioStreamBasicDescription(mSampleRate: 96000.0, mFormatID: 1819304813, mFormatFlags: 12, mBytesPerPacket: 6, mFramesPerPacket: 1, mBytesPerFrame: 6, mChannelsPerFrame: 2, mBitsPerChannel: 24, mReserved: 0), __C.AudioStreamBasicDescription(mSampleRate: 96000.0, mFormatID: 1819304813, mFormatFlags: 76, mBytesPerPacket: 6, mFramesPerPacket: 1, mBytesPerFrame: 6, mChannelsPerFrame: 2, mBitsPerChannel: 24, mReserved: 0)]
NEAREST FORMAT [__C.AudioStreamBasicDescription(mSampleRate: 96000.0, mFormatID: 1819304813, mFormatFlags: 12, mBytesPerPacket: 6, mFramesPerPacket: 1, mBytesPerFrame: 6, mChannelsPerFrame: 2, mBitsPerChannel: 24, mReserved: 0), __C.AudioStreamBasicDescription(mSampleRate: 96000.0, mFormatID: 1819304813, mFormatFlags: 76, mBytesPerPacket: 6, mFramesPerPacket: 1, mBytesPerFrame: 6, mChannelsPerFrame: 2, mBitsPerChannel: 24, mReserved: 0)]
NEAREST FORMAT [__C.AudioStreamBasicDescription(mSampleRate: 96000.0, mFormatID: 1819304813, mFormatFlags: 12, mBytesPerPacket: 6, mFramesPerPacket: 1, mBytesPerFrame: 6, mChannelsPerFrame: 2, mBitsPerChannel: 24, mReserved: 0), __C.AudioStreamBasicDescription(mSampleRate: 96000.0, mFormatID: 1819304813, mFormatFlags: 76, mBytesPerPacket: 6, mFramesPerPacket: 1, mBytesPerFrame: 6, mChannelsPerFrame: 2, mBitsPerChannel: 24, mReserved: 0)]
NEAREST FORMAT [__C.AudioStreamBasicDescription(mSampleRate: 96000.0, mFormatID: 1819304813, mFormatFlags: 12, mBytesPerPacket: 6, mFramesPerPacket: 1, mBytesPerFrame: 6, mChannelsPerFrame: 2, mBitsPerChannel: 24, mReserved: 0), __C.AudioStreamBasicDescription(mSampleRate: 96000.0, mFormatID: 1819304813, mFormatFlags: 76, mBytesPerPacket: 6, mFramesPerPacket: 1, mBytesPerFrame: 6, mChannelsPerFrame: 2, mBitsPerChannel: 24, mReserved: 0)]
NEAREST FORMAT [__C.AudioStreamBasicDescription(mSampleRate: 96000.0, mFormatID: 1819304813, mFormatFlags: 12, mBytesPerPacket: 6, mFramesPerPacket: 1, mBytesPerFrame: 6, mChannelsPerFrame: 2, mBitsPerChannel: 24, mReserved: 0), __C.AudioStreamBasicDescription(mSampleRate: 96000.0, mFormatID: 1819304813, mFormatFlags: 76, mBytesPerPacket: 6, mFramesPerPacket: 1, mBytesPerFrame: 6, mChannelsPerFrame: 2, mBitsPerChannel: 24, mReserved: 0)]
NEAREST FORMAT [__C.AudioStreamBasicDescription(mSampleRate: 96000.0, mFormatID: 1819304813, mFormatFlags: 12, mBytesPerPacket: 6, mFramesPerPacket: 1, mBytesPerFrame: 6, mChannelsPerFrame: 2, mBitsPerChannel: 24, mReserved: 0), __C.AudioStreamBasicDescription(mSampleRate: 96000.0, mFormatID: 1819304813, mFormatFlags: 76, mBytesPerPacket: 6, mFramesPerPacket: 1, mBytesPerFrame: 6, mChannelsPerFrame: 2, mBitsPerChannel: 24, mReserved: 0)]
detected stat CMPlayerStats(sampleRate: 96000.0, bitDepth: 24, date: 2026-07-12 02:38:32 +0000, priority: 5)
[getAllStats] [LosslessSwitcher.CMPlayerStats(sampleRate: 96000.0, bitDepth: 24, date: 2026-07-12 02:38:32 +0000, priority: 5)]
NEAREST FORMAT [__C.AudioStreamBasicDescription(mSampleRate: 96000.0, mFormatID: 1819304813, mFormatFlags: 12, mBytesPerPacket: 6, mFramesPerPacket: 1, mBytesPerFrame: 6, mChannelsPerFrame: 2, mBitsPerChannel: 24, mReserved: 0), __C.AudioStreamBasicDescription(mSampleRate: 96000.0, mFormatID: 1819304813, mFormatFlags: 76, mBytesPerPacket: 6, mFramesPerPacket: 1, mBytesPerFrame: 6, mChannelsPerFrame: 2, mBitsPerChannel: 24, mReserved: 0)]
NEAREST FORMAT [__C.AudioStreamBasicDescription(mSampleRate: 96000.0, mFormatID: 1819304813, mFormatFlags: 12, mBytesPerPacket: 6, mFramesPerPacket: 1, mBytesPerFrame: 6, mChannelsPerFrame: 2, mBitsPerChannel: 24, mReserved: 0), __C.AudioStreamBasicDescription(mSampleRate: 96000.0, mFormatID: 1819304813, mFormatFlags: 76, mBytesPerPacket: 6, mFramesPerPacket: 1, mBytesPerFrame: 6, mChannelsPerFrame: 2, mBitsPerChannel: 24, mReserved: 0)]
NEAREST FORMAT [__C.AudioStreamBasicDescription(mSampleRate: 96000.0, mFormatID: 1819304813, mFormatFlags: 12, mBytesPerPacket: 6, mFramesPerPacket: 1, mBytesPerFrame: 6, mChannelsPerFrame: 2, mBitsPerChannel: 24, mReserved: 0), __C.AudioStreamBasicDescription(mSampleRate: 96000.0, mFormatID: 1819304813, mFormatFlags: 76, mBytesPerPacket: 6, mFramesPerPacket: 1, mBytesPerFrame: 6, mChannelsPerFrame: 2, mBitsPerChannel: 24, mReserved: 0)]
NEAREST FORMAT [__C.AudioStreamBasicDescription(mSampleRate: 96000.0, mFormatID: 1819304813, mFormatFlags: 12, mBytesPerPacket: 6, mFramesPerPacket: 1, mBytesPerFrame: 6, mChannelsPerFrame: 2, mBitsPerChannel: 24, mReserved: 0), __C.AudioStreamBasicDescription(mSampleRate: 96000.0, mFormatID: 1819304813, mFormatFlags: 76, mBytesPerPacket: 6, mFramesPerPacket: 1, mBytesPerFrame: 6, mChannelsPerFrame: 2, mBitsPerChannel: 24, mReserved: 0)]
NEAREST FORMAT [__C.AudioStreamBasicDescription(mSampleRate: 96000.0, mFormatID: 1819304813, mFormatFlags: 12, mBytesPerPacket: 6, mFramesPerPacket: 1, mBytesPerFrame: 6, mChannelsPerFrame: 2, mBitsPerChannel: 24, mReserved: 0), __C.AudioStreamBasicDescription(mSampleRate: 96000.0, mFormatID: 1819304813, mFormatFlags: 76, mBytesPerPacket: 6, mFramesPerPacket: 1, mBytesPerFrame: 6, mChannelsPerFrame: 2, mBitsPerChannel: 24, mReserved: 0)]
NEAREST FORMAT [__C.AudioStreamBasicDescription(mSampleRate: 96000.0, mFormatID: 1819304813, mFormatFlags: 12, mBytesPerPacket: 6, mFramesPerPacket: 1, mBytesPerFrame: 6, mChannelsPerFrame: 2, mBitsPerChannel: 24, mReserved: 0), __C.AudioStreamBasicDescription(mSampleRate: 96000.0, mFormatID: 1819304813, mFormatFlags: 76, mBytesPerPacket: 6, mFramesPerPacket: 1, mBytesPerFrame: 6, mChannelsPerFrame: 2, mBitsPerChannel: 24, mReserved: 0)]
NEAREST FORMAT [__C.AudioStreamBasicDescription(mSampleRate: 96000.0, mFormatID: 1819304813, mFormatFlags: 12, mBytesPerPacket: 6, mFramesPerPacket: 1, mBytesPerFrame: 6, mChannelsPerFrame: 2, mBitsPerChannel: 24, mReserved: 0), __C.AudioStreamBasicDescription(mSampleRate: 96000.0, mFormatID: 1819304813, mFormatFlags: 76, mBytesPerPacket: 6, mFramesPerPacket: 1, mBytesPerFrame: 6, mChannelsPerFrame: 2, mBitsPerChannel: 24, mReserved: 0)]
NEAREST FORMAT [__C.AudioStreamBasicDescription(mSampleRate: 96000.0, mFormatID: 1819304813, mFormatFlags: 12, mBytesPerPacket: 6, mFramesPerPacket: 1, mBytesPerFrame: 6, mChannelsPerFrame: 2, mBitsPerChannel: 24, mReserved: 0), __C.AudioStreamBasicDescription(mSampleRate: 96000.0, mFormatID: 1819304813, mFormatFlags: 76, mBytesPerPacket: 6, mFramesPerPacket: 1, mBytesPerFrame: 6, mChannelsPerFrame: 2, mBitsPerChannel: 24, mReserved: 0)]
NEAREST FORMAT [__C.AudioStreamBasicDescription(mSampleRate: 96000.0, mFormatID: 1819304813, mFormatFlags: 12, mBytesPerPacket: 6, mFramesPerPacket: 1, mBytesPerFrame: 6, mChannelsPerFrame: 2, mBitsPerChannel: 24, mReserved: 0), __C.AudioStreamBasicDescription(mSampleRate: 96000.0, mFormatID: 1819304813, mFormatFlags: 76, mBytesPerPacket: 6, mFramesPerPacket: 1, mBytesPerFrame: 6, mChannelsPerFrame: 2, mBitsPerChannel: 24, mReserved: 0)]
NEAREST FORMAT [__C.AudioStreamBasicDescription(mSampleRate: 96000.0, mFormatID: 1819304813, mFormatFlags: 12, mBytesPerPacket: 6, mFramesPerPacket: 1, mBytesPerFrame: 6, mChannelsPerFrame: 2, mBitsPerChannel: 24, mReserved: 0), __C.AudioStreamBasicDescription(mSampleRate: 96000.0, mFormatID: 1819304813, mFormatFlags: 76, mBytesPerPacket: 6, mFramesPerPacket: 1, mBytesPerFrame: 6, mChannelsPerFrame: 2, mBitsPerChannel: 24, mReserved: 0)]
NEAREST FORMAT [__C.AudioStreamBasicDescription(mSampleRate: 96000.0, mFormatID: 1819304813, mFormatFlags: 12, mBytesPerPacket: 6, mFramesPerPacket: 1, mBytesPerFrame: 6, mChannelsPerFrame: 2, mBitsPerChannel: 24, mReserved: 0), __C.AudioStreamBasicDescription(mSampleRate: 96000.0, mFormatID: 1819304813, mFormatFlags: 76, mBytesPerPacket: 6, mFramesPerPacket: 1, mBytesPerFrame: 6, mChannelsPerFrame: 2, mBitsPerChannel: 24, mReserved: 0)]
NEAREST FORMAT [__C.AudioStreamBasicDescription(mSampleRate: 96000.0, mFormatID: 1819304813, mFormatFlags: 12, mBytesPerPacket: 6, mFramesPerPacket: 1, mBytesPerFrame: 6, mChannelsPerFrame: 2, mBitsPerChannel: 24, mReserved: 0), __C.AudioStreamBasicDescription(mSampleRate: 96000.0, mFormatID: 1819304813, mFormatFlags: 76, mBytesPerPacket: 6, mFramesPerPacket: 1, mBytesPerFrame: 6, mChannelsPerFrame: 2, mBitsPerChannel: 24, mReserved: 0)]
NEAREST FORMAT [__C.AudioStreamBasicDescription(mSampleRate: 96000.0, mFormatID: 1819304813, mFormatFlags: 12, mBytesPerPacket: 6, mFramesPerPacket: 1, mBytesPerFrame: 6, mChannelsPerFrame: 2, mBitsPerChannel: 24, mReserved: 0), __C.AudioStreamBasicDescription(mSampleRate: 96000.0, mFormatID: 1819304813, mFormatFlags: 76, mBytesPerPacket: 6, mFramesPerPacket: 1, mBytesPerFrame: 6, mChannelsPerFrame: 2, mBitsPerChannel: 24, mReserved: 0)]
NEAREST FORMAT [__C.AudioStreamBasicDescription(mSampleRate: 96000.0, mFormatID: 1819304813, mFormatFlags: 12, mBytesPerPacket: 6, mFramesPerPacket: 1, mBytesPerFrame: 6, mChannelsPerFrame: 2, mBitsPerChannel: 24, mReserved: 0), __C.AudioStreamBasicDescription(mSampleRate: 96000.0, mFormatID: 1819304813, mFormatFlags: 76, mBytesPerPacket: 6, mFramesPerPacket: 1, mBytesPerFrame: 6, mChannelsPerFrame: 2, mBitsPerChannel: 24, mReserved: 0)]
NEAREST FORMAT [__C.AudioStreamBasicDescription(mSampleRate: 96000.0, mFormatID: 1819304813, mFormatFlags: 12, mBytesPerPacket: 6, mFramesPerPacket: 1, mBytesPerFrame: 6, mChannelsPerFrame: 2, mBitsPerChannel: 24, mReserved: 0), __C.AudioStreamBasicDescription(mSampleRate: 96000.0, mFormatID: 1819304813, mFormatFlags: 76, mBytesPerPacket: 6, mFramesPerPacket: 1, mBytesPerFrame: 6, mChannelsPerFrame: 2, mBitsPerChannel: 24, mReserved: 0)]
NEAREST FORMAT [__C.AudioStreamBasicDescription(mSampleRate: 96000.0, mFormatID: 1819304813, mFormatFlags: 12, mBytesPerPacket: 6, mFramesPerPacket: 1, mBytesPerFrame: 6, mChannelsPerFrame: 2, mBitsPerChannel: 24, mReserved: 0), __C.AudioStreamBasicDescription(mSampleRate: 96000.0, mFormatID: 1819304813, mFormatFlags: 76, mBytesPerPacket: 6, mFramesPerPacket: 1, mBytesPerFrame: 6, mChannelsPerFrame: 2, mBitsPerChannel: 24, mReserved: 0)]
NEAREST FORMAT [__C.AudioStreamBasicDescription(mSampleRate: 96000.0, mFormatID: 1819304813, mFormatFlags: 12, mBytesPerPacket: 6, mFramesPerPacket: 1, mBytesPerFrame: 6, mChannelsPerFrame: 2, mBitsPerChannel: 24, mReserved: 0), __C.AudioStreamBasicDescription(mSampleRate: 96000.0, mFormatID: 1819304813, mFormatFlags: 76, mBytesPerPacket: 6, mFramesPerPacket: 1, mBytesPerFrame: 6, mChannelsPerFrame: 2, mBitsPerChannel: 24, mReserved: 0)]
track あすいろClearSky-hololive IDOL PROJECT-あすいろClearSky - Single あすいろClearSky
track あすいろClearSky-hololive IDOL PROJECT-あすいろClearSky - Single あすいろClearSky
track flower rhapsody-さくらみこ-flower rhapsody flower rhapsody
track flower rhapsody-さくらみこ-flower rhapsody flower rhapsody
NEAREST FORMAT [__C.AudioStreamBasicDescription(mSampleRate: 48000.0, mFormatID: 1819304813, mFormatFlags: 12, mBytesPerPacket: 6, mFramesPerPacket: 1, mBytesPerFrame: 6, mChannelsPerFrame: 2, mBitsPerChannel: 24, mReserved: 0), __C.AudioStreamBasicDescription(mSampleRate: 48000.0, mFormatID: 1819304813, mFormatFlags: 76, mBytesPerPacket: 6, mFramesPerPacket: 1, mBytesPerFrame: 6, mChannelsPerFrame: 2, mBitsPerChannel: 24, mReserved: 0)]
[LosslessSwitcher] Muting and Pausing Apple Music
NEAREST FORMAT [__C.AudioStreamBasicDescription(mSampleRate: 48000.0, mFormatID: 1819304813, mFormatFlags: 12, mBytesPerPacket: 6, mFramesPerPacket: 1, mBytesPerFrame: 6, mChannelsPerFrame: 2, mBitsPerChannel: 24, mReserved: 0), __C.AudioStreamBasicDescription(mSampleRate: 48000.0, mFormatID: 1819304813, mFormatFlags: 76, mBytesPerPacket: 6, mFramesPerPacket: 1, mBytesPerFrame: 6, mChannelsPerFrame: 2, mBitsPerChannel: 24, mReserved: 0)]
[LosslessSwitcher] Muting and Pausing Apple Music
NEAREST FORMAT [__C.AudioStreamBasicDescription(mSampleRate: 48000.0, mFormatID: 1819304813, mFormatFlags: 12, mBytesPerPacket: 6, mFramesPerPacket: 1, mBytesPerFrame: 6, mChannelsPerFrame: 2, mBitsPerChannel: 24, mReserved: 0), __C.AudioStreamBasicDescription(mSampleRate: 48000.0, mFormatID: 1819304813, mFormatFlags: 76, mBytesPerPacket: 6, mFramesPerPacket: 1, mBytesPerFrame: 6, mChannelsPerFrame: 2, mBitsPerChannel: 24, mReserved: 0)]
NEAREST FORMAT [__C.AudioStreamBasicDescription(mSampleRate: 48000.0, mFormatID: 1819304813, mFormatFlags: 12, mBytesPerPacket: 6, mFramesPerPacket: 1, mBytesPerFrame: 6, mChannelsPerFrame: 2, mBitsPerChannel: 24, mReserved: 0), __C.AudioStreamBasicDescription(mSampleRate: 48000.0, mFormatID: 1819304813, mFormatFlags: 76, mBytesPerPacket: 6, mFramesPerPacket: 1, mBytesPerFrame: 6, mChannelsPerFrame: 2, mBitsPerChannel: 24, mReserved: 0)]
[LosslessSwitcher] Rewinding to 00:00
[LosslessSwitcher] Changing DAC format to 48000.0 Hz / 24 bit
[LosslessSwitcher] Rewinding to 00:00
[LosslessSwitcher] Changing DAC format to 48000.0 Hz / 24 bit
[LosslessSwitcher] DAC change completed: true
[LosslessSwitcher] DAC change completed: true
[LosslessSwitcher] Unmuting and Resuming Apple Music
[LosslessSwitcher] Unmuting and Resuming Apple Music

[LosslessSwitcher Timing Diagnostics]
--------------------------------------------------
1. Track Change Fired:           11:38:49.575 (Base)
2. Music Log Written:            11:39:05.639 (Diff: 16063ms from Track Change)
3. Log Detected by App:          11:39:05.645 (Diff: 6ms log scan delay)

[LosslessSwitcher Timing Diagnostics]
--------------------------------------------------
1. Track Change Fired:           11:38:49.572 (Base)
2. Music Log Written:            11:39:05.639 (Diff: 16067ms from Track Change)
3. Log Detected by App:          11:39:05.642 (Diff: 3ms log scan delay)
4. Mute & Pause Sent:            11:39:05.642 (Diff: 0ms from detect)
5. Rewind (00:00) Sent:          11:39:05.653 (Diff: 11ms from pause)
6. DAC Change Sent:              11:39:05.653 (Diff: 0ms from rewind)
7. DAC Change Confirmed:         11:39:05.699 (Diff: 46ms DAC transition time)
8. Unmute & Play Sent:           11:39:05.720 (Diff: 20ms from DAC complete)
--------------------------------------------------
Total Sync Latency: 16148ms
--------------------------------------------------

4. Mute & Pause Sent:            11:39:05.645 (Diff: 0ms from detect)
5. Rewind (00:00) Sent:          11:39:05.656 (Diff: 11ms from pause)
6. DAC Change Sent:              11:39:05.656 (Diff: 0ms from rewind)
7. DAC Change Confirmed:         11:39:05.699 (Diff: 42ms DAC transition time)
8. Unmute & Play Sent:           11:39:05.720 (Diff: 20ms from DAC complete)
--------------------------------------------------
Total Sync Latency: 16144ms
--------------------------------------------------

NEAREST FORMAT [__C.AudioStreamBasicDescription(mSampleRate: 48000.0, mFormatID: 1819304813, mFormatFlags: 12, mBytesPerPacket: 6, mFramesPerPacket: 1, mBytesPerFrame: 6, mChannelsPerFrame: 2, mBitsPerChannel: 24, mReserved: 0), __C.AudioStreamBasicDescription(mSampleRate: 48000.0, mFormatID: 1819304813, mFormatFlags: 76, mBytesPerPacket: 6, mFramesPerPacket: 1, mBytesPerFrame: 6, mChannelsPerFrame: 2, mBitsPerChannel: 24, mReserved: 0)]
track いいわけバニー-兎田ぺこら-いいわけバニー - Single いいわけバニー
track いいわけバニー-兎田ぺこら-いいわけバニー - Single いいわけバニー
track いいわけバニー-兎田ぺこら-いいわけバニー - Single いいわけバニー
track いいわけバニー-兎田ぺこら-いいわけバニー - Single いいわけバニー
track いいわけバニー-兎田ぺこら-いいわけバニー - Single いいわけバニー
track いいわけバニー-兎田ぺこら-いいわけバニー - Single いいわけバニー
detected stat CMPlayerStats(sampleRate: 48000.0, bitDepth: 24, date: 2026-07-12 02:39:06 +0000, priority: 5)
detected stat CMPlayerStats(sampleRate: 48000.0, bitDepth: 24, date: 2026-07-12 02:39:06 +0000, priority: 5)
[getAllStats] [LosslessSwitcher.CMPlayerStats(sampleRate: 48000.0, bitDepth: 24, date: 2026-07-12 02:39:06 +0000, priority: 5)]
[getAllStats] [LosslessSwitcher.CMPlayerStats(sampleRate: 48000.0, bitDepth: 24, date: 2026-07-12 02:39:06 +0000, priority: 5)]
NEAREST FORMAT [__C.AudioStreamBasicDescription(mSampleRate: 48000.0, mFormatID: 1819304813, mFormatFlags: 12, mBytesPerPacket: 6, mFramesPerPacket: 1, mBytesPerFrame: 6, mChannelsPerFrame: 2, mBitsPerChannel: 24, mReserved: 0), __C.AudioStreamBasicDescription(mSampleRate: 48000.0, mFormatID: 1819304813, mFormatFlags: 76, mBytesPerPacket: 6, mFramesPerPacket: 1, mBytesPerFrame: 6, mChannelsPerFrame: 2, mBitsPerChannel: 24, mReserved: 0)]
NEAREST FORMAT [__C.AudioStreamBasicDescription(mSampleRate: 48000.0, mFormatID: 1819304813, mFormatFlags: 12, mBytesPerPacket: 6, mFramesPerPacket: 1, mBytesPerFrame: 6, mChannelsPerFrame: 2, mBitsPerChannel: 24, mReserved: 0), __C.AudioStreamBasicDescription(mSampleRate: 48000.0, mFormatID: 1819304813, mFormatFlags: 76, mBytesPerPacket: 6, mFramesPerPacket: 1, mBytesPerFrame: 6, mChannelsPerFrame: 2, mBitsPerChannel: 24, mReserved: 0)]
detected stat CMPlayerStats(sampleRate: 48000.0, bitDepth: 24, date: 2026-07-12 02:39:06 +0000, priority: 5)
[getAllStats] [LosslessSwitcher.CMPlayerStats(sampleRate: 48000.0, bitDepth: 24, date: 2026-07-12 02:39:06 +0000, priority: 5)]
NEAREST FORMAT [__C.AudioStreamBasicDescription(mSampleRate: 48000.0, mFormatID: 1819304813, mFormatFlags: 12, mBytesPerPacket: 6, mFramesPerPacket: 1, mBytesPerFrame: 6, mChannelsPerFrame: 2, mBitsPerChannel: 24, mReserved: 0), __C.AudioStreamBasicDescription(mSampleRate: 48000.0, mFormatID: 1819304813, mFormatFlags: 76, mBytesPerPacket: 6, mFramesPerPacket: 1, mBytesPerFrame: 6, mChannelsPerFrame: 2, mBitsPerChannel: 24, mReserved: 0)]
NEAREST FORMAT [__C.AudioStreamBasicDescription(mSampleRate: 48000.0, mFormatID: 1819304813, mFormatFlags: 12, mBytesPerPacket: 6, mFramesPerPacket: 1, mBytesPerFrame: 6, mChannelsPerFrame: 2, mBitsPerChannel: 24, mReserved: 0), __C.AudioStreamBasicDescription(mSampleRate: 48000.0, mFormatID: 1819304813, mFormatFlags: 76, mBytesPerPacket: 6, mFramesPerPacket: 1, mBytesPerFrame: 6, mChannelsPerFrame: 2, mBitsPerChannel: 24, mReserved: 0)]
NEAREST FORMAT [__C.AudioStreamBasicDescription(mSampleRate: 48000.0, mFormatID: 1819304813, mFormatFlags: 12, mBytesPerPacket: 6, mFramesPerPacket: 1, mBytesPerFrame: 6, mChannelsPerFrame: 2, mBitsPerChannel: 24, mReserved: 0), __C.AudioStreamBasicDescription(mSampleRate: 48000.0, mFormatID: 1819304813, mFormatFlags: 76, mBytesPerPacket: 6, mFramesPerPacket: 1, mBytesPerFrame: 6, mChannelsPerFrame: 2, mBitsPerChannel: 24, mReserved: 0)]
detected stat CMPlayerStats(sampleRate: 48000.0, bitDepth: 24, date: 2026-07-12 02:39:06 +0000, priority: 5)
[getAllStats] [LosslessSwitcher.CMPlayerStats(sampleRate: 48000.0, bitDepth: 24, date: 2026-07-12 02:39:06 +0000, priority: 5)]
NEAREST FORMAT [__C.AudioStreamBasicDescription(mSampleRate: 48000.0, mFormatID: 1819304813, mFormatFlags: 12, mBytesPerPacket: 6, mFramesPerPacket: 1, mBytesPerFrame: 6, mChannelsPerFrame: 2, mBitsPerChannel: 24, mReserved: 0), __C.AudioStreamBasicDescription(mSampleRate: 48000.0, mFormatID: 1819304813, mFormatFlags: 76, mBytesPerPacket: 6, mFramesPerPacket: 1, mBytesPerFrame: 6, mChannelsPerFrame: 2, mBitsPerChannel: 24, mReserved: 0)]
NEAREST FORMAT [__C.AudioStreamBasicDescription(mSampleRate: 48000.0, mFormatID: 1819304813, mFormatFlags: 12, mBytesPerPacket: 6, mFramesPerPacket: 1, mBytesPerFrame: 6, mChannelsPerFrame: 2, mBitsPerChannel: 24, mReserved: 0), __C.AudioStreamBasicDescription(mSampleRate: 48000.0, mFormatID: 1819304813, mFormatFlags: 76, mBytesPerPacket: 6, mFramesPerPacket: 1, mBytesPerFrame: 6, mChannelsPerFrame: 2, mBitsPerChannel: 24, mReserved: 0)]
detected stat CMPlayerStats(sampleRate: 48000.0, bitDepth: 24, date: 2026-07-12 02:39:06 +0000, priority: 5)
[getAllStats] [LosslessSwitcher.CMPlayerStats(sampleRate: 48000.0, bitDepth: 24, date: 2026-07-12 02:39:06 +0000, priority: 5)]
NEAREST FORMAT [__C.AudioStreamBasicDescription(mSampleRate: 48000.0, mFormatID: 1819304813, mFormatFlags: 12, mBytesPerPacket: 6, mFramesPerPacket: 1, mBytesPerFrame: 6, mChannelsPerFrame: 2, mBitsPerChannel: 24, mReserved: 0), __C.AudioStreamBasicDescription(mSampleRate: 48000.0, mFormatID: 1819304813, mFormatFlags: 76, mBytesPerPacket: 6, mFramesPerPacket: 1, mBytesPerFrame: 6, mChannelsPerFrame: 2, mBitsPerChannel: 24, mReserved: 0)]
detected stat CMPlayerStats(sampleRate: 48000.0, bitDepth: 24, date: 2026-07-12 02:39:06 +0000, priority: 5)
[getAllStats] [LosslessSwitcher.CMPlayerStats(sampleRate: 48000.0, bitDepth: 24, date: 2026-07-12 02:39:06 +0000, priority: 5)]
NEAREST FORMAT [__C.AudioStreamBasicDescription(mSampleRate: 48000.0, mFormatID: 1819304813, mFormatFlags: 12, mBytesPerPacket: 6, mFramesPerPacket: 1, mBytesPerFrame: 6, mChannelsPerFrame: 2, mBitsPerChannel: 24, mReserved: 0), __C.AudioStreamBasicDescription(mSampleRate: 48000.0, mFormatID: 1819304813, mFormatFlags: 76, mBytesPerPacket: 6, mFramesPerPacket: 1, mBytesPerFrame: 6, mChannelsPerFrame: 2, mBitsPerChannel: 24, mReserved: 0)]
detected stat CMPlayerStats(sampleRate: 48000.0, bitDepth: 24, date: 2026-07-12 02:39:06 +0000, priority: 5)
[getAllStats] [LosslessSwitcher.CMPlayerStats(sampleRate: 48000.0, bitDepth: 24, date: 2026-07-12 02:39:06 +0000, priority: 5)]
NEAREST FORMAT [__C.AudioStreamBasicDescription(mSampleRate: 48000.0, mFormatID: 1819304813, mFormatFlags: 12, mBytesPerPacket: 6, mFramesPerPacket: 1, mBytesPerFrame: 6, mChannelsPerFrame: 2, mBitsPerChannel: 24, mReserved: 0), __C.AudioStreamBasicDescription(mSampleRate: 48000.0, mFormatID: 1819304813, mFormatFlags: 76, mBytesPerPacket: 6, mFramesPerPacket: 1, mBytesPerFrame: 6, mChannelsPerFrame: 2, mBitsPerChannel: 24, mReserved: 0)]
detected stat CMPlayerStats(sampleRate: 48000.0, bitDepth: 24, date: 2026-07-12 02:39:06 +0000, priority: 5)
[getAllStats] [LosslessSwitcher.CMPlayerStats(sampleRate: 48000.0, bitDepth: 24, date: 2026-07-12 02:39:06 +0000, priority: 5)]
NEAREST FORMAT [__C.AudioStreamBasicDescription(mSampleRate: 48000.0, mFormatID: 1819304813, mFormatFlags: 12, mBytesPerPacket: 6, mFramesPerPacket: 1, mBytesPerFrame: 6, mChannelsPerFrame: 2, mBitsPerChannel: 24, mReserved: 0), __C.AudioStreamBasicDescription(mSampleRate: 48000.0, mFormatID: 1819304813, mFormatFlags: 76, mBytesPerPacket: 6, mFramesPerPacket: 1, mBytesPerFrame: 6, mChannelsPerFrame: 2, mBitsPerChannel: 24, mReserved: 0)]
NEAREST FORMAT [__C.AudioStreamBasicDescription(mSampleRate: 96000.0, mFormatID: 1819304813, mFormatFlags: 12, mBytesPerPacket: 6, mFramesPerPacket: 1, mBytesPerFrame: 6, mChannelsPerFrame: 2, mBitsPerChannel: 24, mReserved: 0), __C.AudioStreamBasicDescription(mSampleRate: 96000.0, mFormatID: 1819304813, mFormatFlags: 76, mBytesPerPacket: 6, mFramesPerPacket: 1, mBytesPerFrame: 6, mChannelsPerFrame: 2, mBitsPerChannel: 24, mReserved: 0)]
NEAREST FORMAT [__C.AudioStreamBasicDescription(mSampleRate: 96000.0, mFormatID: 1819304813, mFormatFlags: 12, mBytesPerPacket: 6, mFramesPerPacket: 1, mBytesPerFrame: 6, mChannelsPerFrame: 2, mBitsPerChannel: 24, mReserved: 0), __C.AudioStreamBasicDescription(mSampleRate: 96000.0, mFormatID: 1819304813, mFormatFlags: 76, mBytesPerPacket: 6, mFramesPerPacket: 1, mBytesPerFrame: 6, mChannelsPerFrame: 2, mBitsPerChannel: 24, mReserved: 0)]
[LosslessSwitcher] Muting and Pausing Apple Music
[LosslessSwitcher] Muting and Pausing Apple Music
NEAREST FORMAT [__C.AudioStreamBasicDescription(mSampleRate: 96000.0, mFormatID: 1819304813, mFormatFlags: 12, mBytesPerPacket: 6, mFramesPerPacket: 1, mBytesPerFrame: 6, mChannelsPerFrame: 2, mBitsPerChannel: 24, mReserved: 0), __C.AudioStreamBasicDescription(mSampleRate: 96000.0, mFormatID: 1819304813, mFormatFlags: 76, mBytesPerPacket: 6, mFramesPerPacket: 1, mBytesPerFrame: 6, mChannelsPerFrame: 2, mBitsPerChannel: 24, mReserved: 0)]
NEAREST FORMAT [__C.AudioStreamBasicDescription(mSampleRate: 96000.0, mFormatID: 1819304813, mFormatFlags: 12, mBytesPerPacket: 6, mFramesPerPacket: 1, mBytesPerFrame: 6, mChannelsPerFrame: 2, mBitsPerChannel: 24, mReserved: 0), __C.AudioStreamBasicDescription(mSampleRate: 96000.0, mFormatID: 1819304813, mFormatFlags: 76, mBytesPerPacket: 6, mFramesPerPacket: 1, mBytesPerFrame: 6, mChannelsPerFrame: 2, mBitsPerChannel: 24, mReserved: 0)]
[LosslessSwitcher] Rewinding to 00:00
[LosslessSwitcher] Rewinding to 00:00
[LosslessSwitcher] Changing DAC format to 96000.0 Hz / 24 bit
[LosslessSwitcher] Changing DAC format to 96000.0 Hz / 24 bit
[LosslessSwitcher] DAC change completed: true
[LosslessSwitcher] DAC change completed: true
[LosslessSwitcher] Unmuting and Resuming Apple Music

[LosslessSwitcher Timing Diagnostics]
--------------------------------------------------
1. Track Change Fired:           11:39:06.831 (Base)
2. Music Log Written:            11:39:12.863 (Diff: 6032ms from Track Change)
3. Log Detected by App:          11:39:12.866 (Diff: 3ms log scan delay)
4. Mute & Pause Sent:            11:39:12.866 (Diff: 0ms from detect)
5. Rewind (00:00) Sent:          11:39:12.877 (Diff: 10ms from pause)
6. DAC Change Sent:              11:39:12.877 (Diff: 0ms from rewind)
7. DAC Change Confirmed:         11:39:12.908 (Diff: 30ms DAC transition time)
8. Unmute & Play Sent:           11:39:12.929 (Diff: 21ms from DAC complete)
--------------------------------------------------
Total Sync Latency: 6098ms
--------------------------------------------------

[LosslessSwitcher] Unmuting and Resuming Apple Music

[LosslessSwitcher Timing Diagnostics]
--------------------------------------------------
1. Track Change Fired:           11:39:06.831 (Base)
2. Music Log Written:            11:39:12.863 (Diff: 6032ms from Track Change)
3. Log Detected by App:          11:39:12.866 (Diff: 3ms log scan delay)
4. Mute & Pause Sent:            11:39:12.866 (Diff: 0ms from detect)
5. Rewind (00:00) Sent:          11:39:12.877 (Diff: 11ms from pause)
6. DAC Change Sent:              11:39:12.877 (Diff: 0ms from rewind)
7. DAC Change Confirmed:         11:39:12.914 (Diff: 36ms DAC transition time)
8. Unmute & Play Sent:           11:39:12.935 (Diff: 21ms from DAC complete)
--------------------------------------------------
Total Sync Latency: 6104ms
--------------------------------------------------

[AppleScript Error] {
    NSAppleScriptErrorAppName = Music;
    NSAppleScriptErrorBriefMessage = "Can\U2019t set player position to 0.";
    NSAppleScriptErrorMessage = "Music got an error: Can\U2019t set player position to 0.";
    NSAppleScriptErrorNumber = "-10006";
    NSAppleScriptErrorRange = "NSRange: {32, 15}";
}
[AppleScript Error] {
    NSAppleScriptErrorAppName = Music;
    NSAppleScriptErrorBriefMessage = "Can\U2019t set player position to 0.";
    NSAppleScriptErrorMessage = "Music got an error: Can\U2019t set player position to 0.";
    NSAppleScriptErrorNumber = "-10006";
    NSAppleScriptErrorRange = "NSRange: {32, 15}";
}
track あすいろClearSky-hololive IDOL PROJECT-あすいろClearSky - Single あすいろClearSky
track あすいろClearSky-hololive IDOL PROJECT-あすいろClearSky - Single あすいろClearSky
track あすいろClearSky-hololive IDOL PROJECT-あすいろClearSky - Single あすいろClearSky
track あすいろClearSky-hololive IDOL PROJECT-あすいろClearSky - Single あすいろClearSky
NEAREST FORMAT [__C.AudioStreamBasicDescription(mSampleRate: 48000.0, mFormatID: 1819304813, mFormatFlags: 12, mBytesPerPacket: 6, mFramesPerPacket: 1, mBytesPerFrame: 6, mChannelsPerFrame: 2, mBitsPerChannel: 24, mReserved: 0), __C.AudioStreamBasicDescription(mSampleRate: 48000.0, mFormatID: 1819304813, mFormatFlags: 76, mBytesPerPacket: 6, mFramesPerPacket: 1, mBytesPerFrame: 6, mChannelsPerFrame: 2, mBitsPerChannel: 24, mReserved: 0)]
NEAREST FORMAT [__C.AudioStreamBasicDescription(mSampleRate: 48000.0, mFormatID: 1819304813, mFormatFlags: 12, mBytesPerPacket: 6, mFramesPerPacket: 1, mBytesPerFrame: 6, mChannelsPerFrame: 2, mBitsPerChannel: 24, mReserved: 0), __C.AudioStreamBasicDescription(mSampleRate: 48000.0, mFormatID: 1819304813, mFormatFlags: 76, mBytesPerPacket: 6, mFramesPerPacket: 1, mBytesPerFrame: 6, mChannelsPerFrame: 2, mBitsPerChannel: 24, mReserved: 0)]
[LosslessSwitcher] Changing DAC format to 48000.0 Hz / 24 bit
[LosslessSwitcher] Changing DAC format to 48000.0 Hz / 24 bit
NEAREST FORMAT [__C.AudioStreamBasicDescription(mSampleRate: 48000.0, mFormatID: 1819304813, mFormatFlags: 12, mBytesPerPacket: 6, mFramesPerPacket: 1, mBytesPerFrame: 6, mChannelsPerFrame: 2, mBitsPerChannel: 24, mReserved: 0), __C.AudioStreamBasicDescription(mSampleRate: 48000.0, mFormatID: 1819304813, mFormatFlags: 76, mBytesPerPacket: 6, mFramesPerPacket: 1, mBytesPerFrame: 6, mChannelsPerFrame: 2, mBitsPerChannel: 24, mReserved: 0)]
NEAREST FORMAT [__C.AudioStreamBasicDescription(mSampleRate: 48000.0, mFormatID: 1819304813, mFormatFlags: 12, mBytesPerPacket: 6, mFramesPerPacket: 1, mBytesPerFrame: 6, mChannelsPerFrame: 2, mBitsPerChannel: 24, mReserved: 0), __C.AudioStreamBasicDescription(mSampleRate: 48000.0, mFormatID: 1819304813, mFormatFlags: 76, mBytesPerPacket: 6, mFramesPerPacket: 1, mBytesPerFrame: 6, mChannelsPerFrame: 2, mBitsPerChannel: 24, mReserved: 0)]
[LosslessSwitcher] DAC change completed: true
[LosslessSwitcher] DAC change completed: true

[LosslessSwitcher Timing Diagnostics]
--------------------------------------------------
1. Track Change Fired:           11:39:13.938 (Base)
2. Music Log Written:            11:39:14.016 (Diff: 77ms from Track Change)
3. Log Detected by App:          11:39:14.019 (Diff: 2ms log scan delay)

[LosslessSwitcher Timing Diagnostics]
--------------------------------------------------
1. Track Change Fired:           11:39:13.938 (Base)
2. Music Log Written:            11:39:14.016 (Diff: 77ms from Track Change)
3. Log Detected by App:          11:39:14.018 (Diff: 2ms log scan delay)
4. DAC Change Sent:              11:39:14.019
5. DAC Change Confirmed:         11:39:14.068 (Diff: 49ms DAC transition time)
--------------------------------------------------
Total Sync Latency: 129ms
--------------------------------------------------

4. DAC Change Sent:              11:39:14.018
5. DAC Change Confirmed:         11:39:14.067 (Diff: 48ms DAC transition time)
--------------------------------------------------
Total Sync Latency: 128ms
--------------------------------------------------

track My song-角巻わため-わためのうた vol.2 My song
track My song-角巻わため-わためのうた vol.2 My song
track My song-角巻わため-わためのうた vol.2 My song
track My song-角巻わため-わためのうた vol.2 My song
track My song-角巻わため-わためのうた vol.2 My song
track My song-角巻わため-わためのうた vol.2 My song
track My song-角巻わため-わためのうた vol.2 My song
track My song-角巻わため-わためのうた vol.2 My song
track My song-角巻わため-わためのうた vol.2 My song
track My song-角巻わため-わためのうた vol.2 My song
detected stat CMPlayerStats(sampleRate: 48000.0, bitDepth: 24, date: 2026-07-12 02:39:15 +0000, priority: 5)
[getAllStats] [LosslessSwitcher.CMPlayerStats(sampleRate: 48000.0, bitDepth: 24, date: 2026-07-12 02:39:15 +0000, priority: 5)]
detected stat CMPlayerStats(sampleRate: 48000.0, bitDepth: 24, date: 2026-07-12 02:39:15 +0000, priority: 5)
[getAllStats] [LosslessSwitcher.CMPlayerStats(sampleRate: 48000.0, bitDepth: 24, date: 2026-07-12 02:39:15 +0000, priority: 5)]
NEAREST FORMAT [__C.AudioStreamBasicDescription(mSampleRate: 48000.0, mFormatID: 1819304813, mFormatFlags: 12, mBytesPerPacket: 6, mFramesPerPacket: 1, mBytesPerFrame: 6, mChannelsPerFrame: 2, mBitsPerChannel: 24, mReserved: 0), __C.AudioStreamBasicDescription(mSampleRate: 48000.0, mFormatID: 1819304813, mFormatFlags: 76, mBytesPerPacket: 6, mFramesPerPacket: 1, mBytesPerFrame: 6, mChannelsPerFrame: 2, mBitsPerChannel: 24, mReserved: 0)]
NEAREST FORMAT [__C.AudioStreamBasicDescription(mSampleRate: 48000.0, mFormatID: 1819304813, mFormatFlags: 12, mBytesPerPacket: 6, mFramesPerPacket: 1, mBytesPerFrame: 6, mChannelsPerFrame: 2, mBitsPerChannel: 24, mReserved: 0), __C.AudioStreamBasicDescription(mSampleRate: 48000.0, mFormatID: 1819304813, mFormatFlags: 76, mBytesPerPacket: 6, mFramesPerPacket: 1, mBytesPerFrame: 6, mChannelsPerFrame: 2, mBitsPerChannel: 24, mReserved: 0)]
detected stat CMPlayerStats(sampleRate: 48000.0, bitDepth: 24, date: 2026-07-12 02:39:15 +0000, priority: 5)
[getAllStats] [LosslessSwitcher.CMPlayerStats(sampleRate: 48000.0, bitDepth: 24, date: 2026-07-12 02:39:15 +0000, priority: 5)]
NEAREST FORMAT [__C.AudioStreamBasicDescription(mSampleRate: 48000.0, mFormatID: 1819304813, mFormatFlags: 12, mBytesPerPacket: 6, mFramesPerPacket: 1, mBytesPerFrame: 6, mChannelsPerFrame: 2, mBitsPerChannel: 24, mReserved: 0), __C.AudioStreamBasicDescription(mSampleRate: 48000.0, mFormatID: 1819304813, mFormatFlags: 76, mBytesPerPacket: 6, mFramesPerPacket: 1, mBytesPerFrame: 6, mChannelsPerFrame: 2, mBitsPerChannel: 24, mReserved: 0)]
NEAREST FORMAT [__C.AudioStreamBasicDescription(mSampleRate: 48000.0, mFormatID: 1819304813, mFormatFlags: 12, mBytesPerPacket: 6, mFramesPerPacket: 1, mBytesPerFrame: 6, mChannelsPerFrame: 2, mBitsPerChannel: 24, mReserved: 0), __C.AudioStreamBasicDescription(mSampleRate: 48000.0, mFormatID: 1819304813, mFormatFlags: 76, mBytesPerPacket: 6, mFramesPerPacket: 1, mBytesPerFrame: 6, mChannelsPerFrame: 2, mBitsPerChannel: 24, mReserved: 0)]
NEAREST FORMAT [__C.AudioStreamBasicDescription(mSampleRate: 48000.0, mFormatID: 1819304813, mFormatFlags: 12, mBytesPerPacket: 6, mFramesPerPacket: 1, mBytesPerFrame: 6, mChannelsPerFrame: 2, mBitsPerChannel: 24, mReserved: 0), __C.AudioStreamBasicDescription(mSampleRate: 48000.0, mFormatID: 1819304813, mFormatFlags: 76, mBytesPerPacket: 6, mFramesPerPacket: 1, mBytesPerFrame: 6, mChannelsPerFrame: 2, mBitsPerChannel: 24, mReserved: 0)]
detected stat CMPlayerStats(sampleRate: 48000.0, bitDepth: 24, date: 2026-07-12 02:39:15 +0000, priority: 5)
[getAllStats] [LosslessSwitcher.CMPlayerStats(sampleRate: 48000.0, bitDepth: 24, date: 2026-07-12 02:39:15 +0000, priority: 5)]
NEAREST FORMAT [__C.AudioStreamBasicDescription(mSampleRate: 48000.0, mFormatID: 1819304813, mFormatFlags: 12, mBytesPerPacket: 6, mFramesPerPacket: 1, mBytesPerFrame: 6, mChannelsPerFrame: 2, mBitsPerChannel: 24, mReserved: 0), __C.AudioStreamBasicDescription(mSampleRate: 48000.0, mFormatID: 1819304813, mFormatFlags: 76, mBytesPerPacket: 6, mFramesPerPacket: 1, mBytesPerFrame: 6, mChannelsPerFrame: 2, mBitsPerChannel: 24, mReserved: 0)]
NEAREST FORMAT [__C.AudioStreamBasicDescription(mSampleRate: 48000.0, mFormatID: 1819304813, mFormatFlags: 12, mBytesPerPacket: 6, mFramesPerPacket: 1, mBytesPerFrame: 6, mChannelsPerFrame: 2, mBitsPerChannel: 24, mReserved: 0), __C.AudioStreamBasicDescription(mSampleRate: 48000.0, mFormatID: 1819304813, mFormatFlags: 76, mBytesPerPacket: 6, mFramesPerPacket: 1, mBytesPerFrame: 6, mChannelsPerFrame: 2, mBitsPerChannel: 24, mReserved: 0)]
NEAREST FORMAT [__C.AudioStreamBasicDescription(mSampleRate: 48000.0, mFormatID: 1819304813, mFormatFlags: 12, mBytesPerPacket: 6, mFramesPerPacket: 1, mBytesPerFrame: 6, mChannelsPerFrame: 2, mBitsPerChannel: 24, mReserved: 0), __C.AudioStreamBasicDescription(mSampleRate: 48000.0, mFormatID: 1819304813, mFormatFlags: 76, mBytesPerPacket: 6, mFramesPerPacket: 1, mBytesPerFrame: 6, mChannelsPerFrame: 2, mBitsPerChannel: 24, mReserved: 0)]
detected stat CMPlayerStats(sampleRate: 48000.0, bitDepth: 24, date: 2026-07-12 02:39:15 +0000, priority: 5)
[getAllStats] [LosslessSwitcher.CMPlayerStats(sampleRate: 48000.0, bitDepth: 24, date: 2026-07-12 02:39:15 +0000, priority: 5)]
detected stat CMPlayerStats(sampleRate: 48000.0, bitDepth: 24, date: 2026-07-12 02:39:15 +0000, priority: 5)
[getAllStats] [LosslessSwitcher.CMPlayerStats(sampleRate: 48000.0, bitDepth: 24, date: 2026-07-12 02:39:15 +0000, priority: 5)]
NEAREST FORMAT [__C.AudioStreamBasicDescription(mSampleRate: 48000.0, mFormatID: 1819304813, mFormatFlags: 12, mBytesPerPacket: 6, mFramesPerPacket: 1, mBytesPerFrame: 6, mChannelsPerFrame: 2, mBitsPerChannel: 24, mReserved: 0), __C.AudioStreamBasicDescription(mSampleRate: 48000.0, mFormatID: 1819304813, mFormatFlags: 76, mBytesPerPacket: 6, mFramesPerPacket: 1, mBytesPerFrame: 6, mChannelsPerFrame: 2, mBitsPerChannel: 24, mReserved: 0)]
NEAREST FORMAT [__C.AudioStreamBasicDescription(mSampleRate: 48000.0, mFormatID: 1819304813, mFormatFlags: 12, mBytesPerPacket: 6, mFramesPerPacket: 1, mBytesPerFrame: 6, mChannelsPerFrame: 2, mBitsPerChannel: 24, mReserved: 0), __C.AudioStreamBasicDescription(mSampleRate: 48000.0, mFormatID: 1819304813, mFormatFlags: 76, mBytesPerPacket: 6, mFramesPerPacket: 1, mBytesPerFrame: 6, mChannelsPerFrame: 2, mBitsPerChannel: 24, mReserved: 0)]
detected stat CMPlayerStats(sampleRate: 48000.0, bitDepth: 24, date: 2026-07-12 02:39:15 +0000, priority: 5)
[getAllStats] [LosslessSwitcher.CMPlayerStats(sampleRate: 48000.0, bitDepth: 24, date: 2026-07-12 02:39:15 +0000, priority: 5)]
NEAREST FORMAT [__C.AudioStreamBasicDescription(mSampleRate: 48000.0, mFormatID: 1819304813, mFormatFlags: 12, mBytesPerPacket: 6, mFramesPerPacket: 1, mBytesPerFrame: 6, mChannelsPerFrame: 2, mBitsPerChannel: 24, mReserved: 0), __C.AudioStreamBasicDescription(mSampleRate: 48000.0, mFormatID: 1819304813, mFormatFlags: 76, mBytesPerPacket: 6, mFramesPerPacket: 1, mBytesPerFrame: 6, mChannelsPerFrame: 2, mBitsPerChannel: 24, mReserved: 0)]
detected stat CMPlayerStats(sampleRate: 48000.0, bitDepth: 24, date: 2026-07-12 02:39:15 +0000, priority: 5)
[getAllStats] [LosslessSwitcher.CMPlayerStats(sampleRate: 48000.0, bitDepth: 24, date: 2026-07-12 02:39:15 +0000, priority: 5)]
NEAREST FORMAT [__C.AudioStreamBasicDescription(mSampleRate: 48000.0, mFormatID: 1819304813, mFormatFlags: 12, mBytesPerPacket: 6, mFramesPerPacket: 1, mBytesPerFrame: 6, mChannelsPerFrame: 2, mBitsPerChannel: 24, mReserved: 0), __C.AudioStreamBasicDescription(mSampleRate: 48000.0, mFormatID: 1819304813, mFormatFlags: 76, mBytesPerPacket: 6, mFramesPerPacket: 1, mBytesPerFrame: 6, mChannelsPerFrame: 2, mBitsPerChannel: 24, mReserved: 0)]
NEAREST FORMAT [__C.AudioStreamBasicDescription(mSampleRate: 48000.0, mFormatID: 1819304813, mFormatFlags: 12, mBytesPerPacket: 6, mFramesPerPacket: 1, mBytesPerFrame: 6, mChannelsPerFrame: 2, mBitsPerChannel: 24, mReserved: 0), __C.AudioStreamBasicDescription(mSampleRate: 48000.0, mFormatID: 1819304813, mFormatFlags: 76, mBytesPerPacket: 6, mFramesPerPacket: 1, mBytesPerFrame: 6, mChannelsPerFrame: 2, mBitsPerChannel: 24, mReserved: 0)]
NEAREST FORMAT [__C.AudioStreamBasicDescription(mSampleRate: 48000.0, mFormatID: 1819304813, mFormatFlags: 12, mBytesPerPacket: 6, mFramesPerPacket: 1, mBytesPerFrame: 6, mChannelsPerFrame: 2, mBitsPerChannel: 24, mReserved: 0), __C.AudioStreamBasicDescription(mSampleRate: 48000.0, mFormatID: 1819304813, mFormatFlags: 76, mBytesPerPacket: 6, mFramesPerPacket: 1, mBytesPerFrame: 6, mChannelsPerFrame: 2, mBitsPerChannel: 24, mReserved: 0)]
NEAREST FORMAT [__C.AudioStreamBasicDescription(mSampleRate: 48000.0, mFormatID: 1819304813, mFormatFlags: 12, mBytesPerPacket: 6, mFramesPerPacket: 1, mBytesPerFrame: 6, mChannelsPerFrame: 2, mBitsPerChannel: 24, mReserved: 0), __C.AudioStreamBasicDescription(mSampleRate: 48000.0, mFormatID: 1819304813, mFormatFlags: 76, mBytesPerPacket: 6, mFramesPerPacket: 1, mBytesPerFrame: 6, mChannelsPerFrame: 2, mBitsPerChannel: 24, mReserved: 0)]
NEAREST FORMAT [__C.AudioStreamBasicDescription(mSampleRate: 48000.0, mFormatID: 1819304813, mFormatFlags: 12, mBytesPerPacket: 6, mFramesPerPacket: 1, mBytesPerFrame: 6, mChannelsPerFrame: 2, mBitsPerChannel: 24, mReserved: 0), __C.AudioStreamBasicDescription(mSampleRate: 48000.0, mFormatID: 1819304813, mFormatFlags: 76, mBytesPerPacket: 6, mFramesPerPacket: 1, mBytesPerFrame: 6, mChannelsPerFrame: 2, mBitsPerChannel: 24, mReserved: 0)]
track ギターと孤独と蒼い惑星-結束バンド-結束バンド ギターと孤独と蒼い惑星
track ギターと孤独と蒼い惑星-結束バンド-結束バンド ギターと孤独と蒼い惑星
detected stat CMPlayerStats(sampleRate: 48000.0, bitDepth: 24, date: 2026-07-12 02:39:19 +0000, priority: 5)
[getAllStats] [LosslessSwitcher.CMPlayerStats(sampleRate: 48000.0, bitDepth: 24, date: 2026-07-12 02:39:19 +0000, priority: 5)]
detected stat CMPlayerStats(sampleRate: 48000.0, bitDepth: 24, date: 2026-07-12 02:39:19 +0000, priority: 5)
[getAllStats] [LosslessSwitcher.CMPlayerStats(sampleRate: 48000.0, bitDepth: 24, date: 2026-07-12 02:39:19 +0000, priority: 5)]
NEAREST FORMAT [__C.AudioStreamBasicDescription(mSampleRate: 48000.0, mFormatID: 1819304813, mFormatFlags: 12, mBytesPerPacket: 6, mFramesPerPacket: 1, mBytesPerFrame: 6, mChannelsPerFrame: 2, mBitsPerChannel: 24, mReserved: 0), __C.AudioStreamBasicDescription(mSampleRate: 48000.0, mFormatID: 1819304813, mFormatFlags: 76, mBytesPerPacket: 6, mFramesPerPacket: 1, mBytesPerFrame: 6, mChannelsPerFrame: 2, mBitsPerChannel: 24, mReserved: 0)]
NEAREST FORMAT [__C.AudioStreamBasicDescription(mSampleRate: 48000.0, mFormatID: 1819304813, mFormatFlags: 12, mBytesPerPacket: 6, mFramesPerPacket: 1, mBytesPerFrame: 6, mChannelsPerFrame: 2, mBitsPerChannel: 24, mReserved: 0), __C.AudioStreamBasicDescription(mSampleRate: 48000.0, mFormatID: 1819304813, mFormatFlags: 76, mBytesPerPacket: 6, mFramesPerPacket: 1, mBytesPerFrame: 6, mChannelsPerFrame: 2, mBitsPerChannel: 24, mReserved: 0)]
detected stat CMPlayerStats(sampleRate: 48000.0, bitDepth: 24, date: 2026-07-12 02:39:19 +0000, priority: 5)
[getAllStats] [LosslessSwitcher.CMPlayerStats(sampleRate: 48000.0, bitDepth: 24, date: 2026-07-12 02:39:19 +0000, priority: 5)]
NEAREST FORMAT [__C.AudioStreamBasicDescription(mSampleRate: 48000.0, mFormatID: 1819304813, mFormatFlags: 12, mBytesPerPacket: 6, mFramesPerPacket: 1, mBytesPerFrame: 6, mChannelsPerFrame: 2, mBitsPerChannel: 24, mReserved: 0), __C.AudioStreamBasicDescription(mSampleRate: 48000.0, mFormatID: 1819304813, mFormatFlags: 76, mBytesPerPacket: 6, mFramesPerPacket: 1, mBytesPerFrame: 6, mChannelsPerFrame: 2, mBitsPerChannel: 24, mReserved: 0)]
detected stat CMPlayerStats(sampleRate: 48000.0, bitDepth: 24, date: 2026-07-12 02:39:19 +0000, priority: 5)
[getAllStats] [LosslessSwitcher.CMPlayerStats(sampleRate: 48000.0, bitDepth: 24, date: 2026-07-12 02:39:19 +0000, priority: 5)]
NEAREST FORMAT [__C.AudioStreamBasicDescription(mSampleRate: 48000.0, mFormatID: 1819304813, mFormatFlags: 12, mBytesPerPacket: 6, mFramesPerPacket: 1, mBytesPerFrame: 6, mChannelsPerFrame: 2, mBitsPerChannel: 24, mReserved: 0), __C.AudioStreamBasicDescription(mSampleRate: 48000.0, mFormatID: 1819304813, mFormatFlags: 76, mBytesPerPacket: 6, mFramesPerPacket: 1, mBytesPerFrame: 6, mChannelsPerFrame: 2, mBitsPerChannel: 24, mReserved: 0)]
NEAREST FORMAT [__C.AudioStreamBasicDescription(mSampleRate: 96000.0, mFormatID: 1819304813, mFormatFlags: 12, mBytesPerPacket: 6, mFramesPerPacket: 1, mBytesPerFrame: 6, mChannelsPerFrame: 2, mBitsPerChannel: 24, mReserved: 0), __C.AudioStreamBasicDescription(mSampleRate: 96000.0, mFormatID: 1819304813, mFormatFlags: 76, mBytesPerPacket: 6, mFramesPerPacket: 1, mBytesPerFrame: 6, mChannelsPerFrame: 2, mBitsPerChannel: 24, mReserved: 0)]
[LosslessSwitcher] Muting and Pausing Apple Music
NEAREST FORMAT [__C.AudioStreamBasicDescription(mSampleRate: 96000.0, mFormatID: 1819304813, mFormatFlags: 12, mBytesPerPacket: 6, mFramesPerPacket: 1, mBytesPerFrame: 6, mChannelsPerFrame: 2, mBitsPerChannel: 24, mReserved: 0), __C.AudioStreamBasicDescription(mSampleRate: 96000.0, mFormatID: 1819304813, mFormatFlags: 76, mBytesPerPacket: 6, mFramesPerPacket: 1, mBytesPerFrame: 6, mChannelsPerFrame: 2, mBitsPerChannel: 24, mReserved: 0)]
[LosslessSwitcher] Muting and Pausing Apple Music
NEAREST FORMAT [__C.AudioStreamBasicDescription(mSampleRate: 96000.0, mFormatID: 1819304813, mFormatFlags: 12, mBytesPerPacket: 6, mFramesPerPacket: 1, mBytesPerFrame: 6, mChannelsPerFrame: 2, mBitsPerChannel: 24, mReserved: 0), __C.AudioStreamBasicDescription(mSampleRate: 96000.0, mFormatID: 1819304813, mFormatFlags: 76, mBytesPerPacket: 6, mFramesPerPacket: 1, mBytesPerFrame: 6, mChannelsPerFrame: 2, mBitsPerChannel: 24, mReserved: 0)]
NEAREST FORMAT [__C.AudioStreamBasicDescription(mSampleRate: 96000.0, mFormatID: 1819304813, mFormatFlags: 12, mBytesPerPacket: 6, mFramesPerPacket: 1, mBytesPerFrame: 6, mChannelsPerFrame: 2, mBitsPerChannel: 24, mReserved: 0), __C.AudioStreamBasicDescription(mSampleRate: 96000.0, mFormatID: 1819304813, mFormatFlags: 76, mBytesPerPacket: 6, mFramesPerPacket: 1, mBytesPerFrame: 6, mChannelsPerFrame: 2, mBitsPerChannel: 24, mReserved: 0)]
[LosslessSwitcher] Rewinding to 00:00
[LosslessSwitcher] Rewinding to 00:00
[LosslessSwitcher] Changing DAC format to 96000.0 Hz / 24 bit
[LosslessSwitcher] Changing DAC format to 96000.0 Hz / 24 bit
[LosslessSwitcher] DAC change completed: true
[LosslessSwitcher] DAC change completed: true
[LosslessSwitcher] Unmuting and Resuming Apple Music
[LosslessSwitcher] Unmuting and Resuming Apple Music

[LosslessSwitcher Timing Diagnostics]
--------------------------------------------------
1. Track Change Fired:           11:39:19.649 (Base)
2. Music Log Written:            11:39:23.497 (Diff: 3848ms from Track Change)
3. Log Detected by App:          11:39:23.503 (Diff: 6ms log scan delay)

[LosslessSwitcher Timing Diagnostics]
--------------------------------------------------
1. Track Change Fired:           11:39:19.646 (Base)
2. Music Log Written:            11:39:23.497 (Diff: 3850ms from Track Change)
3. Log Detected by App:          11:39:23.503 (Diff: 5ms log scan delay)
4. Mute & Pause Sent:            11:39:23.503 (Diff: 0ms from detect)
5. Rewind (00:00) Sent:          11:39:23.514 (Diff: 10ms from pause)
6. DAC Change Sent:              11:39:23.514 (Diff: 0ms from rewind)
7. DAC Change Confirmed:         11:39:23.546 (Diff: 32ms DAC transition time)
8. Unmute & Play Sent:           11:39:23.568 (Diff: 21ms from DAC complete)
--------------------------------------------------
Total Sync Latency: 3918ms
--------------------------------------------------

4. Mute & Pause Sent:            11:39:23.503 (Diff: 0ms from detect)
5. Rewind (00:00) Sent:          11:39:23.514 (Diff: 11ms from pause)
6. DAC Change Sent:              11:39:23.514 (Diff: 0ms from rewind)
7. DAC Change Confirmed:         11:39:23.546 (Diff: 32ms DAC transition time)
8. Unmute & Play Sent:           11:39:23.568 (Diff: 21ms from DAC complete)
--------------------------------------------------
Total Sync Latency: 3921ms
--------------------------------------------------

[AppleScript Error] {
    NSAppleScriptErrorAppName = Music;
    NSAppleScriptErrorBriefMessage = "Can\U2019t set player position to 0.";
    NSAppleScriptErrorMessage = "Music got an error: Can\U2019t set player position to 0.";
    NSAppleScriptErrorNumber = "-10006";
    NSAppleScriptErrorRange = "NSRange: {32, 15}";
}
[AppleScript Error] {
    NSAppleScriptErrorAppName = Music;
    NSAppleScriptErrorBriefMessage = "Can\U2019t set player position to 0.";
    NSAppleScriptErrorMessage = "Music got an error: Can\U2019t set player position to 0.";
    NSAppleScriptErrorNumber = "-10006";
    NSAppleScriptErrorRange = "NSRange: {32, 15}";
}
track あすいろClearSky-hololive IDOL PROJECT-あすいろClearSky - Single あすいろClearSky
track あすいろClearSky-hololive IDOL PROJECT-あすいろClearSky - Single あすいろClearSky
track あすいろClearSky-hololive IDOL PROJECT-あすいろClearSky - Single あすいろClearSky
track あすいろClearSky-hololive IDOL PROJECT-あすいろClearSky - Single あすいろClearSky
NEAREST FORMAT [__C.AudioStreamBasicDescription(mSampleRate: 48000.0, mFormatID: 1819304813, mFormatFlags: 12, mBytesPerPacket: 6, mFramesPerPacket: 1, mBytesPerFrame: 6, mChannelsPerFrame: 2, mBitsPerChannel: 24, mReserved: 0), __C.AudioStreamBasicDescription(mSampleRate: 48000.0, mFormatID: 1819304813, mFormatFlags: 76, mBytesPerPacket: 6, mFramesPerPacket: 1, mBytesPerFrame: 6, mChannelsPerFrame: 2, mBitsPerChannel: 24, mReserved: 0)]
[LosslessSwitcher] Changing DAC format to 48000.0 Hz / 24 bit
NEAREST FORMAT [__C.AudioStreamBasicDescription(mSampleRate: 48000.0, mFormatID: 1819304813, mFormatFlags: 12, mBytesPerPacket: 6, mFramesPerPacket: 1, mBytesPerFrame: 6, mChannelsPerFrame: 2, mBitsPerChannel: 24, mReserved: 0), __C.AudioStreamBasicDescription(mSampleRate: 48000.0, mFormatID: 1819304813, mFormatFlags: 76, mBytesPerPacket: 6, mFramesPerPacket: 1, mBytesPerFrame: 6, mChannelsPerFrame: 2, mBitsPerChannel: 24, mReserved: 0)]
[LosslessSwitcher] Changing DAC format to 48000.0 Hz / 24 bit
NEAREST FORMAT [__C.AudioStreamBasicDescription(mSampleRate: 48000.0, mFormatID: 1819304813, mFormatFlags: 12, mBytesPerPacket: 6, mFramesPerPacket: 1, mBytesPerFrame: 6, mChannelsPerFrame: 2, mBitsPerChannel: 24, mReserved: 0), __C.AudioStreamBasicDescription(mSampleRate: 48000.0, mFormatID: 1819304813, mFormatFlags: 76, mBytesPerPacket: 6, mFramesPerPacket: 1, mBytesPerFrame: 6, mChannelsPerFrame: 2, mBitsPerChannel: 24, mReserved: 0)]
NEAREST FORMAT [__C.AudioStreamBasicDescription(mSampleRate: 48000.0, mFormatID: 1819304813, mFormatFlags: 12, mBytesPerPacket: 6, mFramesPerPacket: 1, mBytesPerFrame: 6, mChannelsPerFrame: 2, mBitsPerChannel: 24, mReserved: 0), __C.AudioStreamBasicDescription(mSampleRate: 48000.0, mFormatID: 1819304813, mFormatFlags: 76, mBytesPerPacket: 6, mFramesPerPacket: 1, mBytesPerFrame: 6, mChannelsPerFrame: 2, mBitsPerChannel: 24, mReserved: 0)]
[LosslessSwitcher] DAC change completed: true
[LosslessSwitcher] DAC change completed: true

[LosslessSwitcher Timing Diagnostics]
--------------------------------------------------
1. Track Change Fired:           11:39:24.570 (Base)
2. Music Log Written:            11:39:24.635 (Diff: 64ms from Track Change)
3. Log Detected by App:          11:39:24.652 (Diff: 17ms log scan delay)
4. DAC Change Sent:              11:39:24.652
5. DAC Change Confirmed:         11:39:24.689 (Diff: 36ms DAC transition time)
--------------------------------------------------
Total Sync Latency: 118ms
--------------------------------------------------


[LosslessSwitcher Timing Diagnostics]
--------------------------------------------------
1. Track Change Fired:           11:39:24.570 (Base)
2. Music Log Written:            11:39:24.635 (Diff: 64ms from Track Change)
3. Log Detected by App:          11:39:24.637 (Diff: 2ms log scan delay)
4. DAC Change Sent:              11:39:24.637
5. DAC Change Confirmed:         11:39:24.689 (Diff: 51ms DAC transition time)
--------------------------------------------------
Total Sync Latency: 118ms
--------------------------------------------------

track My song-角巻わため-わためのうた vol.2 My song
track My song-角巻わため-わためのうた vol.2 My song
track My song-角巻わため-わためのうた vol.2 My song
track My song-角巻わため-わためのうた vol.2 My song
track My song-角巻わため-わためのうた vol.2 My song
track My song-角巻わため-わためのうた vol.2 My song
track My song-角巻わため-わためのうた vol.2 My song
track My song-角巻わため-わためのうた vol.2 My song
track My song-角巻わため-わためのうた vol.2 My song
track My song-角巻わため-わためのうた vol.2 My song
detected stat CMPlayerStats(sampleRate: 48000.0, bitDepth: 24, date: 2026-07-12 02:39:25 +0000, priority: 5)
[getAllStats] [LosslessSwitcher.CMPlayerStats(sampleRate: 48000.0, bitDepth: 24, date: 2026-07-12 02:39:25 +0000, priority: 5)]
NEAREST FORMAT [__C.AudioStreamBasicDescription(mSampleRate: 48000.0, mFormatID: 1819304813, mFormatFlags: 12, mBytesPerPacket: 6, mFramesPerPacket: 1, mBytesPerFrame: 6, mChannelsPerFrame: 2, mBitsPerChannel: 24, mReserved: 0), __C.AudioStreamBasicDescription(mSampleRate: 48000.0, mFormatID: 1819304813, mFormatFlags: 76, mBytesPerPacket: 6, mFramesPerPacket: 1, mBytesPerFrame: 6, mChannelsPerFrame: 2, mBitsPerChannel: 24, mReserved: 0)]
detected stat CMPlayerStats(sampleRate: 48000.0, bitDepth: 24, date: 2026-07-12 02:39:25 +0000, priority: 5)
[getAllStats] [LosslessSwitcher.CMPlayerStats(sampleRate: 48000.0, bitDepth: 24, date: 2026-07-12 02:39:25 +0000, priority: 5)]
NEAREST FORMAT [__C.AudioStreamBasicDescription(mSampleRate: 48000.0, mFormatID: 1819304813, mFormatFlags: 12, mBytesPerPacket: 6, mFramesPerPacket: 1, mBytesPerFrame: 6, mChannelsPerFrame: 2, mBitsPerChannel: 24, mReserved: 0), __C.AudioStreamBasicDescription(mSampleRate: 48000.0, mFormatID: 1819304813, mFormatFlags: 76, mBytesPerPacket: 6, mFramesPerPacket: 1, mBytesPerFrame: 6, mChannelsPerFrame: 2, mBitsPerChannel: 24, mReserved: 0)]
detected stat CMPlayerStats(sampleRate: 48000.0, bitDepth: 24, date: 2026-07-12 02:39:25 +0000, priority: 5)
[getAllStats] [LosslessSwitcher.CMPlayerStats(sampleRate: 48000.0, bitDepth: 24, date: 2026-07-12 02:39:25 +0000, priority: 5)]
NEAREST FORMAT [__C.AudioStreamBasicDescription(mSampleRate: 48000.0, mFormatID: 1819304813, mFormatFlags: 12, mBytesPerPacket: 6, mFramesPerPacket: 1, mBytesPerFrame: 6, mChannelsPerFrame: 2, mBitsPerChannel: 24, mReserved: 0), __C.AudioStreamBasicDescription(mSampleRate: 48000.0, mFormatID: 1819304813, mFormatFlags: 76, mBytesPerPacket: 6, mFramesPerPacket: 1, mBytesPerFrame: 6, mChannelsPerFrame: 2, mBitsPerChannel: 24, mReserved: 0)]
NEAREST FORMAT [__C.AudioStreamBasicDescription(mSampleRate: 48000.0, mFormatID: 1819304813, mFormatFlags: 12, mBytesPerPacket: 6, mFramesPerPacket: 1, mBytesPerFrame: 6, mChannelsPerFrame: 2, mBitsPerChannel: 24, mReserved: 0), __C.AudioStreamBasicDescription(mSampleRate: 48000.0, mFormatID: 1819304813, mFormatFlags: 76, mBytesPerPacket: 6, mFramesPerPacket: 1, mBytesPerFrame: 6, mChannelsPerFrame: 2, mBitsPerChannel: 24, mReserved: 0)]
NEAREST FORMAT [__C.AudioStreamBasicDescription(mSampleRate: 48000.0, mFormatID: 1819304813, mFormatFlags: 12, mBytesPerPacket: 6, mFramesPerPacket: 1, mBytesPerFrame: 6, mChannelsPerFrame: 2, mBitsPerChannel: 24, mReserved: 0), __C.AudioStreamBasicDescription(mSampleRate: 48000.0, mFormatID: 1819304813, mFormatFlags: 76, mBytesPerPacket: 6, mFramesPerPacket: 1, mBytesPerFrame: 6, mChannelsPerFrame: 2, mBitsPerChannel: 24, mReserved: 0)]
detected stat CMPlayerStats(sampleRate: 48000.0, bitDepth: 24, date: 2026-07-12 02:39:25 +0000, priority: 5)
[getAllStats] [LosslessSwitcher.CMPlayerStats(sampleRate: 48000.0, bitDepth: 24, date: 2026-07-12 02:39:25 +0000, priority: 5)]
NEAREST FORMAT [__C.AudioStreamBasicDescription(mSampleRate: 48000.0, mFormatID: 1819304813, mFormatFlags: 12, mBytesPerPacket: 6, mFramesPerPacket: 1, mBytesPerFrame: 6, mChannelsPerFrame: 2, mBitsPerChannel: 24, mReserved: 0), __C.AudioStreamBasicDescription(mSampleRate: 48000.0, mFormatID: 1819304813, mFormatFlags: 76, mBytesPerPacket: 6, mFramesPerPacket: 1, mBytesPerFrame: 6, mChannelsPerFrame: 2, mBitsPerChannel: 24, mReserved: 0)]
NEAREST FORMAT [__C.AudioStreamBasicDescription(mSampleRate: 48000.0, mFormatID: 1819304813, mFormatFlags: 12, mBytesPerPacket: 6, mFramesPerPacket: 1, mBytesPerFrame: 6, mChannelsPerFrame: 2, mBitsPerChannel: 24, mReserved: 0), __C.AudioStreamBasicDescription(mSampleRate: 48000.0, mFormatID: 1819304813, mFormatFlags: 76, mBytesPerPacket: 6, mFramesPerPacket: 1, mBytesPerFrame: 6, mChannelsPerFrame: 2, mBitsPerChannel: 24, mReserved: 0)]
NEAREST FORMAT [__C.AudioStreamBasicDescription(mSampleRate: 48000.0, mFormatID: 1819304813, mFormatFlags: 12, mBytesPerPacket: 6, mFramesPerPacket: 1, mBytesPerFrame: 6, mChannelsPerFrame: 2, mBitsPerChannel: 24, mReserved: 0), __C.AudioStreamBasicDescription(mSampleRate: 48000.0, mFormatID: 1819304813, mFormatFlags: 76, mBytesPerPacket: 6, mFramesPerPacket: 1, mBytesPerFrame: 6, mChannelsPerFrame: 2, mBitsPerChannel: 24, mReserved: 0)]
detected stat CMPlayerStats(sampleRate: 48000.0, bitDepth: 24, date: 2026-07-12 02:39:25 +0000, priority: 5)
[getAllStats] [LosslessSwitcher.CMPlayerStats(sampleRate: 48000.0, bitDepth: 24, date: 2026-07-12 02:39:25 +0000, priority: 5)]
NEAREST FORMAT [__C.AudioStreamBasicDescription(mSampleRate: 48000.0, mFormatID: 1819304813, mFormatFlags: 12, mBytesPerPacket: 6, mFramesPerPacket: 1, mBytesPerFrame: 6, mChannelsPerFrame: 2, mBitsPerChannel: 24, mReserved: 0), __C.AudioStreamBasicDescription(mSampleRate: 48000.0, mFormatID: 1819304813, mFormatFlags: 76, mBytesPerPacket: 6, mFramesPerPacket: 1, mBytesPerFrame: 6, mChannelsPerFrame: 2, mBitsPerChannel: 24, mReserved: 0)]
detected stat CMPlayerStats(sampleRate: 48000.0, bitDepth: 24, date: 2026-07-12 02:39:25 +0000, priority: 5)
[getAllStats] [LosslessSwitcher.CMPlayerStats(sampleRate: 48000.0, bitDepth: 24, date: 2026-07-12 02:39:25 +0000, priority: 5)]
NEAREST FORMAT [__C.AudioStreamBasicDescription(mSampleRate: 48000.0, mFormatID: 1819304813, mFormatFlags: 12, mBytesPerPacket: 6, mFramesPerPacket: 1, mBytesPerFrame: 6, mChannelsPerFrame: 2, mBitsPerChannel: 24, mReserved: 0), __C.AudioStreamBasicDescription(mSampleRate: 48000.0, mFormatID: 1819304813, mFormatFlags: 76, mBytesPerPacket: 6, mFramesPerPacket: 1, mBytesPerFrame: 6, mChannelsPerFrame: 2, mBitsPerChannel: 24, mReserved: 0)]
track My song-角巻わため-わためのうた vol.2 My song
track My song-角巻わため-わためのうた vol.2 My song
detected stat CMPlayerStats(sampleRate: 48000.0, bitDepth: 24, date: 2026-07-12 02:39:29 +0000, priority: 5)
[getAllStats] [LosslessSwitcher.CMPlayerStats(sampleRate: 48000.0, bitDepth: 24, date: 2026-07-12 02:39:29 +0000, priority: 5)]
NEAREST FORMAT [__C.AudioStreamBasicDescription(mSampleRate: 48000.0, mFormatID: 1819304813, mFormatFlags: 12, mBytesPerPacket: 6, mFramesPerPacket: 1, mBytesPerFrame: 6, mChannelsPerFrame: 2, mBitsPerChannel: 24, mReserved: 0), __C.AudioStreamBasicDescription(mSampleRate: 48000.0, mFormatID: 1819304813, mFormatFlags: 76, mBytesPerPacket: 6, mFramesPerPacket: 1, mBytesPerFrame: 6, mChannelsPerFrame: 2, mBitsPerChannel: 24, mReserved: 0)]
NEAREST FORMAT [__C.AudioStreamBasicDescription(mSampleRate: 48000.0, mFormatID: 1819304813, mFormatFlags: 12, mBytesPerPacket: 6, mFramesPerPacket: 1, mBytesPerFrame: 6, mChannelsPerFrame: 2, mBitsPerChannel: 24, mReserved: 0), __C.AudioStreamBasicDescription(mSampleRate: 48000.0, mFormatID: 1819304813, mFormatFlags: 76, mBytesPerPacket: 6, mFramesPerPacket: 1, mBytesPerFrame: 6, mChannelsPerFrame: 2, mBitsPerChannel: 24, mReserved: 0)]
NEAREST FORMAT [__C.AudioStreamBasicDescription(mSampleRate: 48000.0, mFormatID: 1819304813, mFormatFlags: 12, mBytesPerPacket: 6, mFramesPerPacket: 1, mBytesPerFrame: 6, mChannelsPerFrame: 2, mBitsPerChannel: 24, mReserved: 0), __C.AudioStreamBasicDescription(mSampleRate: 48000.0, mFormatID: 1819304813, mFormatFlags: 76, mBytesPerPacket: 6, mFramesPerPacket: 1, mBytesPerFrame: 6, mChannelsPerFrame: 2, mBitsPerChannel: 24, mReserved: 0)]
detected stat CMPlayerStats(sampleRate: 48000.0, bitDepth: 24, date: 2026-07-12 02:39:29 +0000, priority: 5)
[getAllStats] [LosslessSwitcher.CMPlayerStats(sampleRate: 48000.0, bitDepth: 24, date: 2026-07-12 02:39:29 +0000, priority: 5)]
NEAREST FORMAT [__C.AudioStreamBasicDescription(mSampleRate: 48000.0, mFormatID: 1819304813, mFormatFlags: 12, mBytesPerPacket: 6, mFramesPerPacket: 1, mBytesPerFrame: 6, mChannelsPerFrame: 2, mBitsPerChannel: 24, mReserved: 0), __C.AudioStreamBasicDescription(mSampleRate: 48000.0, mFormatID: 1819304813, mFormatFlags: 76, mBytesPerPacket: 6, mFramesPerPacket: 1, mBytesPerFrame: 6, mChannelsPerFrame: 2, mBitsPerChannel: 24, mReserved: 0)]
NEAREST FORMAT [__C.AudioStreamBasicDescription(mSampleRate: 48000.0, mFormatID: 1819304813, mFormatFlags: 12, mBytesPerPacket: 6, mFramesPerPacket: 1, mBytesPerFrame: 6, mChannelsPerFrame: 2, mBitsPerChannel: 24, mReserved: 0), __C.AudioStreamBasicDescription(mSampleRate: 48000.0, mFormatID: 1819304813, mFormatFlags: 76, mBytesPerPacket: 6, mFramesPerPacket: 1, mBytesPerFrame: 6, mChannelsPerFrame: 2, mBitsPerChannel: 24, mReserved: 0)]
NEAREST FORMAT [__C.AudioStreamBasicDescription(mSampleRate: 48000.0, mFormatID: 1819304813, mFormatFlags: 12, mBytesPerPacket: 6, mFramesPerPacket: 1, mBytesPerFrame: 6, mChannelsPerFrame: 2, mBitsPerChannel: 24, mReserved: 0), __C.AudioStreamBasicDescription(mSampleRate: 48000.0, mFormatID: 1819304813, mFormatFlags: 76, mBytesPerPacket: 6, mFramesPerPacket: 1, mBytesPerFrame: 6, mChannelsPerFrame: 2, mBitsPerChannel: 24, mReserved: 0)]
detected stat CMPlayerStats(sampleRate: 48000.0, bitDepth: 24, date: 2026-07-12 02:39:29 +0000, priority: 5)
[getAllStats] [LosslessSwitcher.CMPlayerStats(sampleRate: 48000.0, bitDepth: 24, date: 2026-07-12 02:39:29 +0000, priority: 5)]
NEAREST FORMAT [__C.AudioStreamBasicDescription(mSampleRate: 48000.0, mFormatID: 1819304813, mFormatFlags: 12, mBytesPerPacket: 6, mFramesPerPacket: 1, mBytesPerFrame: 6, mChannelsPerFrame: 2, mBitsPerChannel: 24, mReserved: 0), __C.AudioStreamBasicDescription(mSampleRate: 48000.0, mFormatID: 1819304813, mFormatFlags: 76, mBytesPerPacket: 6, mFramesPerPacket: 1, mBytesPerFrame: 6, mChannelsPerFrame: 2, mBitsPerChannel: 24, mReserved: 0)]
detected stat CMPlayerStats(sampleRate: 48000.0, bitDepth: 24, date: 2026-07-12 02:39:29 +0000, priority: 5)
[getAllStats] [LosslessSwitcher.CMPlayerStats(sampleRate: 48000.0, bitDepth: 24, date: 2026-07-12 02:39:29 +0000, priority: 5)]
NEAREST FORMAT [__C.AudioStreamBasicDescription(mSampleRate: 48000.0, mFormatID: 1819304813, mFormatFlags: 12, mBytesPerPacket: 6, mFramesPerPacket: 1, mBytesPerFrame: 6, mChannelsPerFrame: 2, mBitsPerChannel: 24, mReserved: 0), __C.AudioStreamBasicDescription(mSampleRate: 48000.0, mFormatID: 1819304813, mFormatFlags: 76, mBytesPerPacket: 6, mFramesPerPacket: 1, mBytesPerFrame: 6, mChannelsPerFrame: 2, mBitsPerChannel: 24, mReserved: 0)]
^C
horikei@horikeinoMacBook-Air ~ % 
